FrameCounts,blue_mean
1,53.702403125000004
2,57.846696875
3,77.326325
4,81.49160156250001
5,81.156825
6,80.69890781250001
7,80.1156
8,83.55945625000001
9,83.64518906250001
10,86.96965625
11,87.3194921875
12,87.621390625
13,87.42978125
14,87.1362578125
15,86.7647890625
16,86.50997343750001
17,86.4177109375
18,86.6111328125
19,86.8736109375
20,87.12563750000001
21,87.00996718750001
22,87.0078890625
23,86.9170484375
24,86.62656875
25,86.209721875
26,86.29903125
27,87.2788125
28,87.33163593750001
29,87.24810625
30,87.175734375
31,87.19653281250001
32,87.0789078125
33,86.62968125
34,86.790153125
35,87.62560937500001
36,87.75953750000001
37,87.8032671875
38,87.78530156250001
39,87.748625
40,87.328125
41,87.11829375
42,87.5235578125
43,88.0657140625
44,88.14868750000001
45,88.20502031250001
46,88.24805
47,88.3898515625
48,88.98980312500001
49,89.44004687500001
50,89.0422734375
51,88.84896718750001
52,88.925190625
53,88.928703125
54,88.66986250000001
55,88.17936250000001
56,87.8799140625
57,88.06923125
58,87.6023
59,87.546040625
60,88.4396296875
61,88.413003125
62,88.622984375
63,89.34154062500001
64,89.52754375
65,89.99225625000001
66,91.9621875
67,84.9940203125
68,84.662653125
69,85.627728125
70,82.25793125
71,81.15473750000001
72,69.1499484375
73,71.37215156250001
74,67.74011875000001
75,54.4717671875
76,58.1770640625
77,65.187521875
78,74.095190625
79,73.48731875
80,79.3940765625
81,79.21432812500001
82,79.0495859375
83,78.630525
84,78.0021484375
85,77.9701765625
86,80.44417187500001
87,80.32543125000001
88,80.6950265625
89,80.6591296875
90,80.66122187500001
91,81.0693375
92,80.88049218750001
93,80.9604125
94,80.89899687500001
95,80.6987078125
96,80.2207875
97,80.42523125000001
98,82.8135171875
99,82.6432265625
100,84.10725625
101,84.28009375
102,84.2389359375
103,84.46479218750001
104,84.95728125000001
105,85.05420000000001
106,84.9681046875
107,84.94533125000001
108,84.95436875
109,84.81694375000001
110,84.75764218750001
111,84.67667187500001
112,84.60233281250001
113,84.57755
114,84.5428078125
115,84.7865015625
116,85.07792656250001
117,85.24995468750001
118,85.88485625
119,86.42480625
120,85.9726359375
121,92.4425875
122,94.9774640625
123,91.51232031250001
124,88.951328125
125,88.326778125
126,88.2460015625
127,81.16829687500001
128,80.2913203125
129,79.7299796875
130,78.7064890625
131,78.010778125
132,76.935409375
133,82.3791828125
134,82.96958437500001
135,83.1890390625
136,87.0283984375
137,86.8988125
138,86.92409375
139,87.1677890625
140,89.80715000000001
141,89.9855296875
142,90.1802703125
143,89.583509375
144,89.312478125
145,88.9335296875
146,88.5433296875
147,88.59755625000001
148,90.1546640625
149,90.227865625
150,90.5917703125
151,90.426759375
152,89.26914375
153,89.2029984375
154,89.934784375
155,89.9271296875
156,89.8314484375
157,90.110940625
158,90.0385140625
159,89.887471875
160,89.431253125
161,89.0574515625
162,89.03350937500001
163,89.1980546875
164,89.17633281250001
165,89.2364359375
166,88.8482828125
167,88.783634375
168,88.7450625
169,89.2674296875
170,89.41981875
171,89.3717828125
172,89.0556296875
173,89.087303125
174,88.89797812500001
175,88.96525625000001
176,89.4091953125
177,89.4405921875
178,89.27406093750001
179,89.223484375
180,89.2021140625
181,89.2090765625
182,89.218959375
183,89.18298125
184,89.249496875
185,89.2658875
186,89.2461375
187,88.83647500000001
188,88.6335515625
189,88.3856375
190,88.3236234375
191,88.28152812500001
192,88.16672187500001
193,88.09969375
194,88.15721718750001
195,87.687184375
196,87.77666718750001
197,87.4636703125
198,87.30474218750001
199,87.2660390625
200,87.34370625000001
201,87.388265625
202,87.19363125000001
203,87.28185625
204,87.35638750000001
205,87.2623515625
206,87.29981718750001
207,88.18881875000001
208,88.33831718750001
209,88.8829734375
210,88.66642031250001
211,88.224790625
212,87.6931078125
213,87.730840625
214,87.6812921875
215,87.743425
216,87.9854078125
217,87.7205796875
218,87.73175156250001
219,87.3247171875
220,86.2842234375
221,85.7892515625
222,85.95860312500001
223,85.9867453125
224,87.0633140625
225,87.4181640625
226,87.33550000000001
227,87.4287890625
228,87.03105625
229,86.96546718750001
230,87.24356875000001
231,87.50237187500001
232,87.8139203125
233,87.8350046875
234,87.73236875
235,87.8084
236,87.25055625
237,86.9927421875
238,87.0317125
239,87.2844875
240,87.7528171875
241,87.8998796875
242,87.9093546875
243,87.7731078125
244,87.3908375
245,87.42866562500001
246,87.560821875
247,87.5621140625
248,87.3204421875
249,87.3029109375
250,87.3770828125
251,87.40302968750001
252,87.28508281250001
253,87.3034171875
254,87.8467703125
255,87.7258515625
256,87.51414375
257,87.46824375
258,87.2341640625
259,87.13290625
260,87.1379375
261,87.12839375
262,87.23068437500001
263,86.94984375
264,86.7830703125
265,86.73155
266,87.355865625
267,87.1289484375
268,87.1145734375
269,87.54391562500001
270,87.782978125
271,88.94726250000001
272,88.651925
273,89.6427625
274,90.58854375
275,87.4540484375
276,85.3625046875
277,85.5996546875
278,73.9894015625
279,73.803078125
280,66.303646875
281,64.79146250000001
282,68.87731875
283,74.62380937500001
284,74.080246875
285,73.7629296875
286,74.84173750000001
287,74.6294953125
288,78.83661718750001
289,79.04767968750001
290,81.83153750000001
291,82.1259234375
292,82.0176203125
293,81.983334375
294,81.816821875
295,81.66693125
296,81.62231406250001
297,81.88663906250001
298,81.70259375
299,81.5697515625
300,81.3635484375
301,81.4068109375
302,81.3948828125
303,81.249953125
304,81.21120937500001
305,81.1778453125
306,80.8567703125
307,80.5085
308,80.7554015625
309,80.35661875000001
310,83.2749625
311,83.3423609375
312,83.2815109375
313,83.320953125
314,83.266675
315,83.1851734375
316,83.1903546875
317,83.6259421875
318,83.8289140625
319,83.98991562500001
320,84.2012921875
321,84.21198906250001
322,84.21918281250001
323,84.2480625
324,84.34883437500001
325,84.30604375
326,84.3811984375
327,84.702790625
328,84.795871875
329,84.798065625
330,84.817946875
331,84.83190937500001
332,84.7764296875
333,84.660740625
334,84.515175
335,84.8027984375
336,84.930146875
337,84.9688203125
338,85.96784062500001
339,86.0101953125
340,85.96892343750001
341,85.9023953125
342,86.1741359375
343,86.25900468750001
344,85.950553125
345,85.8355640625
346,85.84673437500001
347,86.005065625
348,86.016821875
349,86.1217640625
350,86.30253125
351,85.98894375
352,86.40463125000001
353,86.453096875
354,86.45706875
355,86.53994531250001
356,86.42253281250001
357,86.579784375
358,86.700665625
359,86.78511093750001
360,86.67795000000001
361,86.69614531250001
362,86.664121875
363,86.55437656250001
364,86.54843281250001
365,86.498925
366,86.18669375
367,86.197415625
368,86.1949421875
369,86.20225625
370,86.1585390625
371,86.202059375
372,86.3107359375
373,86.515909375
374,86.65732968750001
375,86.739671875
376,86.75077031250001
377,86.6799890625
378,86.32708281250001
379,86.331640625
380,86.265265625
381,86.2181875
382,86.170890625
383,86.1077734375
384,86.06142343750001
385,86.12201093750001
386,86.2897890625
387,86.24276093750001
388,86.285171875
389,86.308746875
390,86.31929218750001
391,86.3100578125
392,86.215278125
393,86.0674125
394,86.0962578125
395,86.21090625000001
396,86.17757031250001
397,86.1799328125
398,86.118690625
399,86.07720312500001
400,86.11473125
401,86.200828125
402,86.2587328125
403,86.18175781250001
404,85.9996359375
405,85.9444609375
406,85.9539265625
407,85.9095484375
408,85.7268421875
409,85.70674062500001
410,85.72941875000001
411,85.76206718750001
412,85.7189875
413,85.66695625
414,85.6232046875
415,85.70099375000001
416,85.948115625
417,85.824865625
418,85.83986875000001
419,85.85562031250001
420,85.92629218750001
421,86.00345312500001
422,86.020065625
423,85.642240625
424,85.7667578125
425,85.65085625
426,85.6207765625
427,85.5804
428,84.99791875000001
429,84.9392984375
430,85.09436875
431,85.0719921875
432,85.04093125
433,85.2595359375
434,85.20706875
435,85.2794890625
436,85.2814171875
437,85.41689843750001
438,85.3679703125
439,85.25447968750001
440,85.1687703125
441,85.10061250000001
442,85.5615234375
443,86.161496875
444,85.76984531250001
445,85.57988593750001
446,85.20022031250001
447,85.12040625
448,84.92785
449,84.69211406250001
450,84.1066
451,84.28017343750001
452,84.09917187500001
453,84.1382875
454,84.3028203125
455,84.792625
456,84.60717343750001
457,84.93445625000001
458,84.530809375
459,84.2450421875
460,83.62489375
461,83.58522500000001
462,83.38155
463,83.172065625
464,84.24425625
465,85.19658906250001
466,84.9711703125
467,84.4798671875
468,83.7824046875
469,83.9320765625
470,84.5412546875
471,84.8470171875
472,86.818821875
473,86.65685625
474,86.81904375
475,87.4056765625
476,87.0482828125
477,86.748165625
478,86.50396875
479,86.5035015625
480,86.750290625
481,87.0239
482,87.17362187500001
483,87.22110781250001
484,87.17777500000001
485,87.37929687500001
486,87.41002812500001
487,87.69758125
488,87.8276484375
489,88.2423375
490,88.1250859375
491,88.15542500000001
492,88.323153125
493,88.35745
494,88.52566250000001
495,88.1611765625
496,87.9369484375
497,88.23771875
498,88.205390625
499,88.02489687500001
500,87.9251421875
FrameCounts,blue_mean
501,88.126359375
502,88.199678125
503,88.19595000000001
504,87.5917328125
505,87.4161640625
506,87.19666875
507,87.23154843750001
508,87.4209765625
509,87.20977500000001
510,88.16119375000001
511,88.1597921875
512,87.9969859375
513,87.767696875
514,87.6694359375
515,87.4298875
516,87.32471562500001
517,87.71013437500001
518,87.99830468750001
519,87.9869625
520,88.18139843750001
521,88.36800781250001
522,88.2025140625
523,87.961909375
524,87.225615625
525,86.926821875
526,87.070890625
527,87.1554453125
528,86.5766921875
529,86.5905609375
530,86.64140625
531,86.55345
532,86.57411093750001
533,87.1100203125
534,87.0461078125
535,86.71743125
536,86.55035000000001
537,86.51210625
538,86.75612343750001
539,86.7392015625
540,86.7947875
541,86.84607343750001
542,87.0636109375
543,87.4360875
544,87.31325000000001
545,90.2479078125
546,92.09936718750001
547,91.44963125000001
548,87.1822859375
549,86.8177234375
550,74.2054375
551,72.581315625
552,70.80181875000001
553,76.527984375
554,75.945446875
555,76.642665625
556,80.752721875
557,80.989359375
558,80.88082812500001
559,80.7904875
560,81.2107078125
561,81.1253265625
562,81.15971093750001
563,80.9493734375
564,80.47421875
565,80.47390625
566,79.92271875
567,79.8711921875
568,79.6623765625
569,79.66703906250001
570,81.5303015625
571,81.4326546875
572,82.6701890625
573,82.66376562500001
574,84.65148125
575,85.3475640625
576,85.1933265625
577,85.40089375000001
578,84.895409375
579,84.73696875
580,84.4238453125
581,84.3901984375
582,84.30865468750001
583,84.1323375
584,84.188153125
585,84.1555953125
586,83.818009375
587,83.842725
588,83.6006625
589,82.3181828125
590,82.7432375
591,83.0910796875
592,83.621521875
593,84.13700468750001
594,82.7564375
595,70.7134265625
596,85.9450265625
597,89.05843750000001
598,90.27224843750001
599,90.577446875
600,91.149940625
601,91.4732765625
602,91.1243140625
603,90.7368828125
604,90.3207125
605,90.53439375
606,90.5581609375
607,90.53105625
608,90.254196875
609,90.2189140625
610,90.5396375
611,90.64707187500001
612,91.15497656250001
613,91.85118125000001
614,91.59288125
615,91.097046875
616,91.0846609375
617,90.04263125
618,89.4434234375
619,89.2845875
620,89.491796875
621,89.4019390625
622,89.01592500000001
623,88.79395625000001
624,88.68145
625,88.9857578125
626,89.5860875
627,89.823115625
628,89.86674843750001
629,89.5907421875
630,89.2907703125
631,89.299046875
632,89.082609375
633,88.3079203125
634,88.577190625
635,88.82546718750001
636,89.0374765625
637,89.69214843750001
638,89.97900468750001
639,90.2509375
640,89.5759828125
641,89.4239625
642,89.261896875
643,89.58689375
644,89.6421359375
645,89.5469265625
646,89.61032031250001
647,89.549228125
648,89.003978125
649,90.2817765625
650,90.0004859375
651,89.72275
652,89.2999265625
653,89.2207484375
654,88.92693906250001
655,88.9450046875
656,88.87611562500001
657,89.2084421875
658,88.77070625
659,88.65496093750001
660,87.70140625
661,87.10609843750001
662,85.81639375
663,85.55843750000001
664,86.4006734375
665,87.608609375
666,90.1847625
667,89.7919390625
668,89.89611718750001
669,90.7528875
670,85.05935781250001
671,84.6906046875
672,86.85025937500001
673,85.098725
674,83.4947828125
675,83.6342140625
676,71.9970421875
677,70.7777890625
678,63.2830203125
679,65.59954375000001
680,56.15400625
681,56.78449375
682,55.04534375
683,58.677754687500006
684,67.946015625
685,74.1197234375
686,78.47296875
687,77.94308281250001
688,76.39583125
689,76.38905
690,79.73490625000001
691,80.2481171875
692,83.942690625
693,83.531653125
694,83.280146875
695,82.7578140625
696,82.490153125
697,82.68501093750001
698,83.0126484375
699,83.4026046875
700,85.382778125
701,86.62211093750001
702,83.37395000000001
703,83.3630421875
704,83.1448953125
705,82.35366093750001
706,81.8771140625
707,81.71120937500001
708,81.4281484375
709,81.2818078125
710,81.7026125
711,81.40893125000001
712,82.8694671875
713,82.94569375
714,85.47816875000001
715,86.01805625
716,86.120525
717,85.9371359375
718,85.58907500000001
719,85.308384375
720,85.0886796875
721,84.9231640625
722,85.1248515625
723,85.45317968750001
724,85.5050109375
725,85.909496875
726,85.5678734375
727,85.4673046875
728,85.23886875000001
729,85.1777234375
730,85.36175
731,85.333825
732,85.8861140625
733,86.1889984375
734,88.3353578125
735,88.16285781250001
736,87.9882890625
737,87.5529765625
738,87.53888125
739,87.45888437500001
740,87.8146453125
741,88.412965625
742,88.722040625
743,88.6461265625
744,88.3833828125
745,88.3023765625
746,88.21170625
747,87.76326093750001
748,87.5269015625
749,87.543975
750,87.67370625000001
751,88.444484375
752,88.80943437500001
753,88.9954484375
754,89.00027187500001
755,88.5936875
756,88.590765625
757,88.03450000000001
758,87.65265000000001
759,87.393928125
760,87.13223437500001
761,87.088440625
762,87.502753125
763,87.5022484375
764,87.2886421875
765,86.9427578125
766,86.78290468750001
767,86.9367859375
768,86.59782187500001
769,86.56426875000001
770,86.5341953125
771,86.9726203125
772,88.930821875
773,89.3056171875
774,89.55917500000001
775,89.6685875
776,89.13931875
777,88.93234375
778,88.7006859375
779,89.124840625
780,89.46047031250001
781,89.58084375
782,89.645553125
783,89.91567500000001
784,90.1057859375
785,90.81566875
786,90.70948750000001
787,90.2730453125
788,89.987840625
789,91.4299265625
790,87.68843906250001
791,86.92791406250001
792,82.209090625
793,80.77275312500001
794,79.39516718750001
795,78.5168890625
796,78.04028281250001
797,77.86007500000001
798,81.6597359375
799,82.9372046875
800,86.3296484375
801,86.2232265625
802,85.82961250000001
803,89.305496875
804,86.11225937500001
805,84.8969234375
806,75.25842812500001
807,75.1839109375
808,65.36771093750001
809,61.920476562500006
810,61.655051562500006
811,62.6585796875
812,61.538984375000005
813,59.339543750000004
814,65.816553125
815,72.0005359375
816,71.5586109375
817,76.3571296875
818,75.9789578125
819,75.90755468750001
820,81.15076093750001
821,80.954465625
822,82.84696562500001
823,82.7422984375
824,82.6461265625
825,83.1215640625
826,85.4333078125
827,85.679890625
828,87.067484375
829,87.8234703125
830,73.803615625
831,72.7493390625
832,63.289114062500005
833,63.2616109375
834,62.9247171875
835,63.701896875
836,64.0499953125
837,63.83704375000001
838,63.519889062500006
839,63.797345312500006
840,63.0142421875
841,62.698732812500005
842,62.08709375
843,61.946725
844,61.9779640625
845,62.117040625
846,61.5250015625
847,61.3227015625
848,61.331334375000004
849,61.274139062500005
850,61.334178125
851,61.344340625
852,61.1083015625
853,61.051753125000005
854,61.022056250000006
855,60.956300000000006
856,60.895915625
857,60.856471875000004
858,60.9586859375
859,61.0888578125
860,61.300784375000006
861,61.343798437500006
862,61.3964078125
863,61.394190625
864,61.4782203125
865,61.4765484375
866,61.282450000000004
867,61.2552234375
868,61.1483078125
869,61.246434375
870,61.33228125
871,61.469384375000004
872,61.61263125
873,61.7233796875
874,61.726325
875,61.444857812500004
876,60.8462140625
877,60.8629546875
878,60.74099375
879,60.6173296875
880,60.5682046875
881,60.725790625
882,60.8439203125
883,60.761153125
884,60.931340625000004
885,60.7948484375
886,60.607725
887,60.5868484375
888,60.8772875
889,61.0666171875
890,61.2796203125
891,60.2299359375
892,58.80669375
893,52.7843171875
894,52.2648140625
895,56.53445
896,63.8701359375
897,68.96098125
898,63.067803125000005
899,62.219462500000006
900,61.811307812500004
901,61.611604687500005
902,61.490032812500004
903,61.539564062500006
904,61.3397734375
905,61.307284375
906,61.422576562500005
907,61.68215
908,61.827859375
909,61.441356250000005
910,61.173873437500006
911,61.057790625
912,60.919604687500005
913,60.549621875
914,60.307884375
915,60.794106250000006
916,59.91506875
917,58.802259375000006
918,64.8811828125
919,70.5271
920,69.90943750000001
921,76.00657343750001
922,75.0036109375
923,74.0101890625
924,78.576484375
925,78.45800625
926,81.469059375
927,81.42737968750001
928,83.9082609375
929,83.598359375
930,85.2513578125
931,85.3306828125
932,85.1711921875
933,85.06020625000001
934,85.10399843750001
935,85.0752828125
936,87.1543546875
937,86.546453125
938,86.3349203125
939,86.2801921875
940,86.2234703125
941,86.06650312500001
942,87.729246875
943,87.9338703125
944,87.86888593750001
945,87.698428125
946,87.4012328125
947,87.311890625
948,87.238540625
949,87.037940625
950,86.968934375
951,86.5280265625
952,86.3529453125
953,86.5356484375
954,86.5011375
955,86.507215625
956,86.3985953125
957,86.3965140625
958,88.32402656250001
959,88.35233906250001
960,88.41215000000001
961,88.5265953125
962,88.63420625
963,88.64320781250001
964,88.70270156250001
965,88.5719453125
966,88.56255
967,88.59853125000001
968,88.4234125
969,88.3371875
970,88.244865625
971,88.2047015625
972,88.1507984375
973,88.02834375
974,88.0940328125
975,88.1474484375
976,88.05425000000001
977,87.7372765625
978,87.505946875
979,87.650034375
980,87.80850781250001
981,87.934903125
982,88.02424375000001
983,87.7735375
984,87.778709375
985,88.01853750000001
986,87.959365625
987,87.663803125
988,87.969203125
989,88.2720203125
990,88.38695
991,88.453615625
992,88.2146390625
993,88.106771875
994,88.3054828125
995,88.110765625
996,87.9509125
997,88.0256015625
998,88.06906718750001
999,88.1378359375
1000,88.01049375000001
FrameCounts,blue_mean
1001,88.12460468750001
1002,88.12525625
1003,88.074775
1004,87.97068750000001
1005,87.899778125
1006,87.76035
1007,87.650646875
1008,87.6693140625
1009,87.73058125
1010,87.6412953125
1011,87.6080703125
1012,87.555940625
1013,87.6534546875
1014,87.65176562500001
1015,87.741746875
1016,87.9040328125
1017,87.7947265625
1018,87.4690125
1019,87.36781875
1020,87.020525
1021,87.05555625000001
1022,87.0919609375
1023,87.39836875
1024,89.08293125
1025,89.3805
1026,89.86182343750001
1027,90.100409375
1028,89.8820078125
1029,89.69048125
1030,89.389965625
1031,89.40188125
1032,89.36915937500001
1033,89.44023750000001
1034,89.78028593750001
1035,89.885284375
1036,89.7389546875
1037,89.58788125000001
1038,89.5029296875
1039,89.231634375
1040,89.16998125
1041,89.29326875000001
1042,89.7543765625
1043,89.94064375
1044,91.200946875
1045,93.200540625
1046,91.53484375000001
1047,91.2831390625
1048,83.14828125000001
1049,82.99796718750001
1050,82.7082703125
1051,82.324025
1052,81.1823390625
1053,80.878225
1054,80.84428750000001
1055,80.69916875
1056,84.919246875
1057,84.9974390625
1058,87.12125
1059,86.98314375000001
1060,87.1024578125
1061,87.04569375
1062,87.08499375000001
1063,87.381771875
1064,87.31180156250001
1065,87.207115625
1066,87.123590625
1067,87.3750578125
1068,87.5499390625
1069,87.41926875
1070,87.22441718750001
1071,86.445875
1072,85.4213578125
1073,85.2217390625
1074,87.035159375
1075,87.4518953125
1076,88.61776718750001
1077,88.579296875
1078,88.31880625000001
1079,88.38018125
1080,88.2280828125
1081,88.216334375
1082,88.35224062500001
1083,88.4204984375
1084,88.5233625
1085,88.15302968750001
1086,88.29481875
1087,88.2633203125
1088,88.031278125
1089,87.919521875
1090,87.7782953125
1091,88.2653796875
1092,87.8429921875
1093,88.0690765625
1094,87.99918281250001
1095,88.00235
1096,88.12192812500001
1097,88.07749375
1098,88.7774984375
1099,88.7311171875
1100,88.7394
1101,88.524478125
1102,87.98891875000001
1103,87.6752921875
1104,87.6904390625
1105,87.717325
1106,87.32205156250001
1107,87.196009375
1108,87.235003125
1109,87.336246875
1110,87.6115484375
1111,88.0448265625
1112,88.26421718750001
1113,88.76341718750001
1114,88.9532390625
1115,89.441725
1116,83.95424687500001
1117,84.627640625
1118,86.4958625
1119,83.92750000000001
1120,81.927509375
1121,80.85869062500001
1122,72.73268593750001
1123,72.11040625
1124,71.0618125
1125,70.997625
1126,70.52686875
1127,74.98617812500001
1128,73.360753125
1129,78.12332500000001
1130,77.17741875
1131,78.0585390625
1132,83.7936953125
1133,84.18209531250001
1134,84.497828125
1135,83.87411875000001
1136,83.177215625
1137,83.0872578125
1138,82.50566718750001
1139,82.364703125
1140,82.1810734375
1141,82.352209375
1142,82.39470625
1143,82.811009375
1144,82.5132984375
1145,82.39146562500001
1146,82.27872500000001
1147,81.91265625
1148,81.2905796875
1149,80.8358
1150,80.3957140625
1151,80.156059375
1152,80.9928421875
1153,81.28246875
1154,84.37944375000001
1155,84.5257875
1156,84.69599375
1157,85.52305625000001
1158,85.275478125
1159,85.31511093750001
1160,84.4281859375
1161,84.1670265625
1162,84.34031250000001
1163,84.1670359375
1164,83.675921875
1165,83.50756875
1166,84.9818546875
1167,85.3314578125
1168,86.639353125
1169,86.481834375
1170,86.4985203125
1171,86.32972343750001
1172,86.017009375
1173,86.1213359375
1174,85.8584078125
1175,86.4502546875
1176,86.771803125
1177,86.8808375
1178,86.9401296875
1179,86.9619484375
1180,87.06603125000001
1181,87.0542875
1182,86.6967234375
1183,87.18558593750001
1184,88.9642328125
1185,88.30640625000001
1186,87.8087796875
1187,87.3778375
1188,86.824653125
1189,87.12485000000001
1190,87.586071875
1191,87.693646875
1192,87.127009375
1193,87.09158125
1194,84.3212
1195,80.3817109375
1196,77.612403125
1197,74.45829375000001
1198,74.873878125
1199,87.2433078125
1200,86.0379546875
1201,84.9382671875
1202,85.6255296875
1203,85.7716109375
1204,85.57799375
1205,85.5116015625
1206,84.38026875
1207,83.185046875
1208,83.5155125
1209,84.083309375
1210,83.356584375
1211,83.1816359375
1212,82.45327031250001
1213,82.2912546875
1214,82.35019062500001
1215,82.1229375
1216,81.8818296875
1217,81.70287656250001
1218,81.62985625
1219,82.5526015625
1220,82.0826765625
1221,82.10370312500001
1222,82.280375
1223,82.42252656250001
1224,76.11629218750001
1225,75.66382812500001
1226,75.688559375
1227,76.6821421875
1228,72.7859359375
1229,73.05053906250001
1230,72.4040859375
1231,72.23250625
1232,71.8011421875
1233,71.8262921875
1234,71.70160625
1235,71.4057796875
1236,70.530534375
1237,69.8274796875
1238,74.3628609375
1239,73.6143765625
1240,78.395121875
1241,78.1992671875
1242,80.2676328125
1243,80.20491406250001
1244,84.02301875
1245,84.20615781250001
1246,86.6528625
1247,86.816484375
1248,86.9157578125
1249,87.304765625
1250,87.54747031250001
1251,87.5559234375
1252,87.4356484375
1253,87.63363125000001
1254,87.5836625
1255,87.60802343750001
1256,87.48451875
1257,87.3062359375
1258,87.40681562500001
1259,87.2646
1260,87.2257609375
1261,87.2950265625
1262,89.34508281250001
1263,89.189925
1264,89.0731875
1265,89.11409375000001
1266,88.922009375
1267,88.8153375
1268,88.6881171875
1269,88.67920781250001
1270,88.7427421875
1271,88.724534375
1272,88.90284375
1273,88.76785000000001
1274,88.7401984375
1275,88.9161171875
1276,88.66719375000001
1277,88.39545000000001
1278,88.6884921875
1279,88.95943125000001
1280,89.092396875
1281,89.1787421875
1282,89.045375
1283,88.8691
1284,88.85047187500001
1285,88.797734375
1286,89.058371875
1287,89.100434375
1288,88.52617500000001
1289,88.3320265625
1290,88.2280046875
1291,88.2956234375
1292,88.28421875000001
1293,88.34389531250001
1294,88.55456875
1295,88.6272078125
1296,88.53548437500001
1297,88.507834375
1298,88.2980140625
1299,88.24415
1300,88.20253125
1301,88.4986640625
1302,88.4384515625
1303,88.4899484375
1304,88.559078125
1305,88.5461125
1306,88.1425421875
1307,88.484465625
1308,88.6614078125
1309,88.8081953125
1310,88.67633125
1311,88.824303125
1312,88.76441406250001
1313,88.43676718750001
1314,88.76046562500001
1315,88.840225
1316,88.83621562500001
1317,89.0040203125
1318,88.8235015625
1319,88.7583609375
1320,88.816753125
1321,88.7892453125
1322,88.7129625
1323,88.763209375
1324,88.8290453125
1325,88.864525
1326,88.94736093750001
1327,88.8450140625
1328,88.60824375
1329,88.51055781250001
1330,88.442734375
1331,88.4240171875
1332,88.5362875
1333,88.6811171875
1334,88.849721875
1335,88.9302734375
1336,88.80426875
1337,88.988121875
1338,88.9920328125
1339,88.86202812500001
1340,88.90248125000001
1341,88.8175578125
1342,88.7332859375
1343,88.7892265625
1344,88.85039375000001
1345,89.09344531250001
1346,89.1907953125
1347,89.15574843750001
1348,89.22060625
1349,89.169809375
1350,89.19058125000001
1351,89.1076359375
1352,89.15810312500001
1353,89.21495468750001
1354,89.1118625
1355,89.098459375
1356,89.04609375000001
1357,89.0963078125
1358,88.8873859375
1359,88.75621562500001
1360,88.7389984375
1361,88.7613328125
1362,88.78273125
1363,88.64268750000001
1364,88.61150937500001
1365,88.52327968750001
1366,88.5316046875
1367,88.68749687500001
1368,88.6394015625
1369,88.61568906250001
1370,88.5914375
1371,88.5769328125
1372,88.50740625
1373,88.8030296875
1374,88.9917734375
1375,89.27442500000001
1376,89.240284375
1377,89.2333421875
1378,88.9436015625
1379,88.6487359375
1380,88.59901718750001
1381,88.345484375
1382,88.55386406250001
1383,88.67795625000001
1384,88.58219062500001
1385,88.62173125000001
1386,89.082171875
1387,88.9532109375
1388,90.18697031250001
1389,90.7733703125
1390,85.926634375
1391,85.5940015625
1392,85.4702171875
1393,85.80639218750001
1394,85.8325921875
1395,79.621671875
1396,79.3125125
1397,79.62092343750001
1398,79.91230312500001
1399,80.8113484375
1400,80.58992500000001
1401,80.1434640625
1402,79.76546875000001
1403,79.74975
1404,79.08434375
1405,78.71268437500001
1406,78.1018640625
1407,77.6351609375
1408,78.35171875
1409,78.58937656250001
1410,82.25515
1411,82.24647031250001
1412,84.3209828125
1413,84.46130000000001
1414,84.2712625
1415,84.1509953125
1416,84.2785453125
1417,84.26556718750001
1418,84.1524859375
1419,84.130384375
1420,84.2776203125
1421,84.9228671875
1422,84.1536078125
1423,83.43260000000001
1424,82.6246796875
1425,82.6493453125
1426,82.9801546875
1427,82.9009515625
1428,85.8958203125
1429,85.697021875
1430,85.6665359375
1431,85.6941140625
1432,85.7587390625
1433,86.14381875000001
1434,86.04123125000001
1435,86.0723
1436,86.017446875
1437,86.0130171875
1438,85.528365625
1439,85.2203109375
1440,85.10924531250001
1441,85.2930875
1442,86.80757187500001
1443,86.6616265625
1444,86.40997031250001
1445,86.3031578125
1446,86.183221875
1447,86.2047125
1448,86.36058750000001
1449,86.3244609375
1450,86.55013281250001
1451,86.1356078125
1452,86.08852656250001
1453,85.9059703125
1454,85.579315625
1455,85.63488906250001
1456,85.477953125
1457,85.8906875
1458,87.476740625
1459,87.6327421875
1460,87.66713750000001
1461,87.52139687500001
1462,87.86052500000001
1463,87.95255625
1464,87.7894703125
1465,87.81334062500001
1466,87.8955
1467,87.85642968750001
1468,87.80819375
1469,87.7307296875
1470,87.8041890625
1471,87.819659375
1472,87.7016703125
1473,87.833675
1474,87.9125515625
1475,88.0768
1476,88.0743625
1477,88.22075625000001
1478,88.06892656250001
1479,88.02246562500001
1480,87.9657375
1481,87.8804453125
1482,87.9092859375
1483,87.9155828125
1484,87.88968906250001
1485,87.96807343750001
1486,87.878021875
1487,87.813534375
1488,88.021634375
1489,88.1216484375
1490,88.03365625
1491,88.1153203125
1492,88.232828125
1493,87.90660625000001
1494,88.9024421875
1495,88.589453125
1496,88.10701250000001
1497,87.9788765625
1498,87.570875
1499,87.534146875
1500,87.6621390625
FrameCounts,blue_mean
1501,87.32353437500001
1502,86.8282734375
1503,86.891165625
1504,87.15636093750001
1505,87.018534375
1506,87.12408437500001
1507,87.0897890625
1508,87.1665515625
1509,87.1926703125
1510,87.2314546875
1511,87.41084843750001
1512,87.49514375000001
1513,87.6375421875
1514,87.41892187500001
1515,87.4432203125
1516,87.6812953125
1517,87.937571875
1518,87.87992187500001
1519,87.94158125
1520,87.89038125
1521,88.21689375000001
1522,88.126440625
1523,88.1551921875
1524,88.19043437500001
1525,88.191640625
1526,88.136440625
1527,88.18185
1528,88.06021406250001
1529,87.92409375
1530,87.97594218750001
1531,87.9478375
1532,87.90280625
1533,88.2836953125
1534,88.43059062500001
1535,88.57054375
1536,88.6528625
1537,88.694071875
1538,88.57241093750001
1539,88.46810625
1540,88.24899218750001
1541,88.19925937500001
1542,88.307215625
1543,88.3611890625
1544,88.3788859375
1545,88.430684375
1546,88.3664921875
1547,88.3479375
1548,88.37497031250001
1549,88.4368078125
1550,88.63678750000001
1551,88.6646234375
1552,88.54664375
1553,88.4979296875
1554,88.4413453125
1555,88.21259375000001
1556,88.195596875
1557,88.21432812500001
1558,88.33541875
1559,88.3530265625
1560,88.366521875
1561,88.3140890625
1562,88.69035781250001
1563,88.3483953125
1564,87.92302500000001
1565,88.265725
1566,87.91808593750001
1567,87.88950625000001
1568,88.12773125000001
1569,88.3776921875
1570,88.3647875
1571,88.0678953125
1572,88.2831984375
1573,88.3847546875
1574,88.6403609375
1575,88.76659218750001
1576,88.72126875000001
1577,88.65206093750001
1578,88.5913
1579,88.6998515625
1580,88.8968296875
1581,88.81187968750001
1582,88.79639531250001
1583,88.7144796875
1584,88.58654531250001
1585,88.514690625
1586,88.4145640625
1587,88.532790625
1588,88.4709453125
1589,88.402303125
1590,88.4178015625
1591,87.962475
1592,88.0294828125
1593,87.978490625
1594,88.011346875
1595,87.866171875
1596,87.7905953125
1597,87.756725
1598,87.76914218750001
1599,87.81237031250001
1600,87.7813859375
1601,87.584865625
1602,87.60489375
1603,87.5563328125
1604,87.76409062500001
1605,87.7562625
1606,87.70046718750001
1607,87.701509375
1608,87.6400375
1609,87.812925
1610,87.8167640625
1611,87.7770375
1612,87.75851875000001
1613,87.6745875
1614,87.580675
1615,87.53215468750001
1616,87.75053125000001
1617,87.69105
1618,87.71210156250001
1619,87.6970984375
1620,87.68619062500001
1621,87.8171734375
1622,87.7036609375
1623,87.95842031250001
1624,87.97542812500001
1625,88.0161015625
1626,88.11426875000001
1627,88.16478281250001
1628,88.0728125
1629,87.97498593750001
1630,87.9310734375
1631,88.1378421875
1632,88.1480734375
1633,87.9771453125
1634,87.92118125
1635,88.035009375
1636,88.015353125
1637,88.00536562500001
1638,88.7619859375
1639,88.51291093750001
1640,88.3943015625
1641,88.4115765625
1642,88.3669203125
1643,88.3404359375
1644,88.44390468750001
1645,88.544384375
1646,88.600490625
1647,88.5843484375
1648,88.49858437500001
1649,88.47740312500001
1650,88.45318593750001
1651,88.24876875000001
1652,88.235403125
1653,88.3744375
1654,88.23438125
1655,88.2318265625
1656,88.19956718750001
1657,88.0021671875
1658,88.17100937500001
1659,88.24323281250001
1660,88.3809734375
1661,88.409496875
1662,88.3752984375
1663,88.45294375
1664,88.5823015625
1665,88.651678125
1666,88.5631453125
1667,90.201025
1668,88.49219375
1669,88.18489062500001
1670,82.086903125
1671,81.657446875
1672,80.968890625
1673,81.21947812500001
1674,81.3828671875
1675,81.6173984375
1676,81.18738437500001
1677,81.0588890625
1678,81.86936875
1679,81.75474687500001
1680,81.6969734375
1681,81.5174953125
1682,84.77570625
1683,85.5933984375
1684,85.388365625
1685,85.041846875
1686,84.841459375
1687,84.47785
1688,83.58144531250001
1689,83.631546875
1690,83.7545234375
1691,83.28503437500001
1692,84.902703125
1693,84.72977031250001
1694,86.1423890625
1695,85.66673593750001
1696,85.60295625
1697,85.73990937500001
1698,88.07361875000001
1699,88.350075
1700,88.5247453125
1701,88.5681484375
1702,88.47122656250001
1703,88.2683296875
1704,88.3598234375
1705,88.047875
1706,87.8131265625
1707,87.8613078125
1708,88.01568125
1709,88.6107828125
1710,90.55417187500001
1711,90.8230046875
1712,90.344046875
1713,90.11270625
1714,89.849528125
1715,89.71354218750001
1716,89.71534062500001
1717,89.68860156250001
1718,89.688634375
1719,90.0224625
1720,90.2215703125
1721,89.9918671875
1722,89.7150921875
1723,89.60285
1724,88.7930203125
1725,88.29100625000001
1726,88.1998578125
1727,88.21525625000001
1728,87.76810156250001
1729,87.9620140625
1730,88.3760953125
1731,88.3961890625
1732,89.8410625
1733,89.91496562500001
1734,89.6759359375
1735,89.3554
1736,89.3705375
1737,89.4117015625
1738,89.9877203125
1739,90.17614375000001
1740,90.3664015625
1741,90.5345125
1742,90.3900234375
1743,90.168503125
1744,89.99714531250001
1745,89.92158125
1746,89.9530578125
1747,90.1688765625
1748,90.3348125
1749,90.33272500000001
1750,90.312921875
1751,89.844265625
1752,89.3832484375
1753,89.5015546875
1754,89.8062359375
1755,90.1831453125
1756,89.94066875
1757,90.034425
1758,90.083253125
1759,90.2830640625
1760,90.203378125
1761,90.0370109375
1762,89.97174375
1763,89.8198640625
1764,89.8799765625
1765,90.4170265625
1766,90.30615
1767,90.32976875
1768,89.9692921875
1769,89.8314828125
1770,89.82020468750001
1771,89.44551875
1772,89.54988750000001
1773,89.8583484375
1774,89.3352875
1775,89.30616093750001
1776,89.2467078125
1777,89.52038593750001
1778,89.40189843750001
1779,89.22227500000001
1780,88.8118546875
1781,88.41274531250001
1782,88.33304375
1783,88.39624218750001
1784,89.81755625000001
1785,90.10095
1786,90.094909375
1787,90.110284375
1788,90.12372500000001
1789,90.1103546875
1790,90.061159375
1791,90.1907046875
1792,90.41665937500001
1793,90.18484843750001
1794,89.94379375
1795,89.82823437500001
1796,89.528309375
1797,86.8403171875
1798,86.098928125
1799,89.70484375000001
1800,90.130609375
1801,90.21041562500001
1802,89.6182125
1803,89.661709375
1804,89.6357421875
1805,89.653765625
1806,89.26789843750001
1807,89.29699218750001
1808,89.13514375
1809,89.00287187500001
1810,88.9332203125
1811,88.892459375
1812,88.8241078125
1813,88.68399218750001
1814,88.6559484375
1815,89.1100234375
1816,88.79435781250001
1817,88.8626515625
1818,89.2321625
1819,89.08721875
1820,89.06119062500001
1821,89.274084375
1822,89.114134375
1823,89.03343281250001
1824,89.1044953125
1825,89.261328125
1826,89.49512812500001
1827,89.6068671875
1828,90.01940625
1829,89.947584375
1830,89.965303125
1831,89.9656125
1832,89.3295515625
1833,89.740559375
1834,89.242671875
1835,88.9218625
1836,89.0401546875
1837,89.1172375
1838,88.6245984375
1839,88.659821875
1840,88.419678125
1841,88.3770328125
1842,88.55233906250001
1843,88.7147609375
1844,89.69452968750001
1845,90.22795156250001
1846,90.12774531250001
1847,90.05741093750001
1848,90.02599843750001
1849,89.83455625
1850,89.7756875
1851,89.69880937500001
1852,89.563240625
1853,89.3792453125
1854,89.19906093750001
1855,89.2318453125
1856,89.09390937500001
1857,89.2065609375
1858,89.7788265625
1859,89.95795000000001
1860,89.8559078125
1861,89.4815359375
1862,89.2274140625
1863,88.9960296875
1864,88.829159375
1865,89.73142812500001
1866,89.5709578125
1867,89.6029390625
1868,89.4382125
1869,89.0647984375
1870,88.4408390625
1871,88.33287968750001
1872,88.9076890625
1873,89.46314375
1874,90.3381953125
1875,90.3065171875
1876,89.7408234375
1877,89.6488265625
1878,89.5887
1879,89.40518593750001
1880,89.6574390625
1881,89.5154640625
1882,89.3236796875
1883,89.39335468750001
1884,89.111625
1885,88.8311984375
1886,88.586509375
1887,88.7569578125
1888,88.3301515625
1889,88.5335671875
1890,89.26910000000001
1891,89.27142500000001
1892,89.125146875
1893,88.9740359375
1894,88.895284375
1895,88.8802578125
1896,88.79398437500001
1897,88.90550312500001
1898,88.7384078125
1899,88.5321703125
1900,88.4347484375
1901,88.52069531250001
1902,88.5280171875
1903,88.4735375
1904,88.3769
1905,88.3845890625
1906,87.8857515625
1907,87.86274531250001
1908,87.92248125
1909,88.18330625
1910,88.203784375
1911,88.1638046875
1912,88.06827343750001
1913,87.87877656250001
1914,87.84255937500001
1915,87.803390625
1916,87.9040015625
1917,87.94959375
1918,87.95346875
1919,87.9241375
1920,87.91260468750001
1921,88.070565625
1922,87.8185265625
1923,87.68971718750001
1924,87.65776406250001
1925,87.64979843750001
1926,87.20984687500001
1927,87.191365625
1928,87.0930625
1929,86.9345625
1930,86.88598593750001
1931,86.85651875
1932,86.67351718750001
1933,86.897321875
1934,86.9819265625
1935,87.203640625
1936,87.315759375
1937,87.286365625
1938,87.21485625000001
1939,86.68344375000001
1940,86.4840265625
1941,86.51261562500001
1942,86.71933125000001
1943,87.378696875
1944,89.29329375
1945,89.48269375000001
1946,89.104228125
1947,88.97464218750001
1948,88.4377953125
1949,88.041915625
1950,87.98095781250001
1951,88.186228125
1952,88.4311453125
1953,88.555109375
1954,88.11099531250001
1955,88.06369218750001
1956,87.9022828125
1957,87.942778125
1958,87.79723750000001
1959,87.86670000000001
1960,87.81470625
1961,87.715890625
1962,87.6751453125
1963,87.605265625
1964,87.48222187500001
1965,87.5764375
1966,87.610596875
1967,87.6711515625
1968,87.73368125
1969,87.7212640625
1970,87.9603765625
1971,87.8871125
1972,87.74755312500001
1973,87.96026718750001
1974,88.07482656250001
1975,88.16375000000001
1976,88.063246875
1977,87.9274625
1978,88.0413515625
1979,88.12213750000001
1980,88.161803125
1981,88.19655625
1982,87.969103125
1983,87.8136546875
1984,87.734509375
1985,87.7044875
1986,87.6391078125
1987,87.629596875
1988,87.6679328125
1989,87.71376875
1990,87.71861406250001
1991,87.7234234375
1992,88.0481546875
1993,88.1750734375
1994,88.250425
1995,88.041796875
1996,88.01770156250001
1997,88.4140640625
1998,88.2164125
1999,88.0525953125
2000,87.90353593750001
FrameCounts,blue_mean
2001,87.8379671875
2002,87.6984046875
2003,87.53049375
2004,87.602728125
2005,87.5208453125
2006,87.501765625
2007,87.3905
2008,87.6419046875
2009,87.7160390625
2010,87.73438593750001
2011,87.73270000000001
2012,87.76573593750001
2013,87.637071875
2014,87.582784375
2015,87.604521875
2016,87.50295
2017,87.4119140625
2018,87.56105781250001
2019,87.6947109375
2020,87.7292703125
2021,87.7493640625
2022,87.6416015625
2023,87.5649453125
2024,87.4881703125
2025,87.4786875
2026,87.64960625
2027,87.6624828125
2028,87.83412343750001
2029,88.07003125
2030,88.276346875
2031,88.26830000000001
2032,88.13000781250001
2033,88.4343625
2034,88.38530625
2035,88.215596875
2036,88.3171734375
2037,88.2797640625
2038,87.93413281250001
2039,87.9694765625
2040,87.9493390625
2041,87.89560468750001
2042,87.8310015625
2043,87.85541875
2044,87.937878125
2045,87.93631875
2046,87.917090625
2047,87.925
2048,87.95486562500001
2049,87.846725
2050,87.77340000000001
2051,87.66605468750001
2052,87.6102265625
2053,87.38689375
2054,87.228453125
2055,87.3258
2056,87.438
2057,86.43693125
2058,85.377059375
2059,85.65774375000001
2060,85.6025453125
2061,85.44495156250001
2062,85.4223828125
2063,85.6357640625
2064,85.2540453125
2065,85.05985625000001
2066,85.1973671875
2067,85.1362828125
2068,85.0804796875
2069,85.26316875
2070,85.507053125
2071,85.6236328125
2072,85.64209843750001
2073,85.07154375
2074,84.8823265625
2075,84.77756562500001
2076,84.7379640625
2077,84.85217187500001
2078,85.042878125
2079,85.1258921875
2080,85.20522343750001
2081,85.2511890625
2082,85.2725828125
2083,85.2169859375
2084,85.282640625
2085,85.36496406250001
2086,85.4121328125
2087,85.47396093750001
2088,85.39388906250001
2089,85.215709375
2090,85.1544359375
2091,85.11419218750001
2092,85.19825312500001
2093,85.2827
2094,85.26870000000001
2095,85.334921875
2096,85.3557359375
2097,84.5222984375
2098,78.86769687500001
2099,78.09402187500001
2100,85.3702703125
2101,85.8745734375
2102,85.33945
2103,85.120303125
2104,85.019790625
2105,84.84548906250001
2106,84.7239171875
2107,84.6778359375
2108,85.7399328125
2109,86.0654796875
2110,86.1793
2111,85.88787500000001
2112,85.65622031250001
2113,85.598534375
2114,85.4685734375
2115,85.6567015625
2116,85.524315625
2117,86.4289515625
2118,86.0252015625
2119,85.658721875
2120,85.31836875
2121,85.4846171875
2122,85.599615625
2123,85.72193125
2124,85.71844375
2125,85.5697796875
2126,85.57714531250001
2127,85.628584375
2128,85.79019375
2129,85.6692640625
2130,85.473296875
2131,85.0821140625
2132,85.20473125000001
2133,85.72352500000001
2134,87.6537171875
2135,87.62489843750001
2136,87.7759671875
2137,87.6117625
2138,87.80997500000001
2139,87.6587046875
2140,87.81361562500001
2141,87.8942109375
2142,87.952165625
2143,88.176175
2144,88.16025937500001
2145,88.08406875
2146,87.9204625
2147,87.7510125
2148,87.723796875
2149,87.56926406250001
2150,87.52355
2151,87.45352343750001
2152,87.38300625000001
2153,87.8550265625
2154,87.72129687500001
2155,87.77590781250001
2156,87.81076250000001
2157,87.8374984375
2158,87.3594671875
2159,86.90183125
2160,86.7228890625
2161,86.64644687500001
2162,86.83390468750001
2163,87.129884375
2164,87.2192171875
2165,87.3479515625
2166,87.2475703125
2167,87.08588125
2168,87.3351296875
2169,87.284209375
2170,87.0856359375
2171,86.7918046875
2172,86.1077265625
2173,85.973815625
2174,86.8009484375
2175,86.84323437500001
2176,87.23436875
2177,87.290403125
2178,87.71938750000001
2179,88.00315156250001
2180,87.56275625
2181,87.412953125
2182,87.479653125
2183,87.4657359375
2184,87.10181875
2185,86.9268765625
2186,86.94726875
2187,87.29971093750001
2188,87.2813796875
2189,87.1191625
2190,86.658878125
2191,86.5141921875
2192,86.54918437500001
2193,86.73247656250001
2194,87.177509375
2195,87.05073750000001
2196,86.73461875000001
2197,86.58057500000001
2198,86.45591250000001
2199,86.87692187500001
2200,86.7786984375
2201,86.85523125
2202,87.2462296875
2203,87.337478125
2204,87.44773437500001
2205,87.401296875
2206,87.29175781250001
2207,87.3722421875
2208,87.406403125
2209,87.839690625
2210,87.617890625
2211,87.38439687500001
2212,87.008671875
2213,86.58684218750001
2214,86.37474531250001
2215,86.3287375
2216,87.3988453125
2217,87.7319359375
2218,87.9136765625
2219,87.86065781250001
2220,87.7216796875
2221,87.8343296875
2222,88.24815625000001
2223,88.39995312500001
2224,88.4067640625
2225,88.16984218750001
2226,88.2564296875
2227,87.9745984375
2228,87.554525
2229,87.5489359375
2230,87.47209843750001
2231,87.6353265625
2232,87.554078125
2233,87.5344875
2234,87.2461859375
2235,87.4466890625
2236,87.35011250000001
2237,87.3545859375
2238,87.75413593750001
2239,87.6751359375
2240,87.6488890625
2241,87.68110625
2242,87.61768281250001
2243,87.44200625
2244,87.35354062500001
2245,87.275271875
2246,87.26118281250001
2247,87.09651875
2248,86.9059421875
2249,86.76957187500001
2250,86.13726406250001
2251,85.9874265625
2252,85.92419375
2253,86.054065625
2254,86.11643281250001
2255,86.1004234375
2256,86.12230000000001
2257,86.117209375
2258,86.000190625
2259,85.9089265625
2260,86.14419218750001
2261,86.13813593750001
2262,86.0599921875
2263,86.0549015625
2264,85.9804640625
2265,85.9113234375
2266,85.589521875
2267,84.752584375
2268,84.77103906250001
2269,84.75106875
2270,86.60024531250001
2271,86.625853125
2272,86.5409953125
2273,86.6660171875
2274,86.8481984375
2275,87.04754687500001
2276,87.0775234375
2277,87.02984375
2278,87.187228125
2279,87.3256796875
2280,87.367534375
2281,87.5344171875
2282,87.5700765625
2283,87.42735156250001
2284,87.1969984375
2285,87.060575
2286,87.0539703125
2287,87.0699765625
2288,87.12680312500001
2289,87.35889531250001
2290,87.251396875
2291,87.150828125
2292,87.03582031250001
2293,86.8668375
2294,86.7031171875
2295,86.73542031250001
2296,86.8317015625
2297,86.9570125
2298,86.8238171875
2299,86.82669687500001
2300,87.1222484375
2301,87.2029859375
2302,87.22218281250001
2303,86.93597968750001
2304,86.7650546875
2305,86.7181125
2306,86.798690625
2307,86.7431640625
2308,86.6767640625
2309,86.60437656250001
2310,86.49275
2311,86.273746875
2312,86.13930781250001
2313,86.04780781250001
2314,86.301646875
2315,86.45126093750001
2316,88.6196734375
2317,88.78011875
2318,89.0415421875
2319,89.0941875
2320,89.04555
2321,89.00833750000001
2322,88.91268906250001
2323,88.7886609375
2324,88.50082656250001
2325,88.5342140625
2326,88.7508421875
2327,88.948290625
2328,88.607596875
2329,88.4669296875
2330,87.778875
2331,87.7631171875
2332,87.785115625
2333,87.959528125
2334,88.0490046875
2335,87.99505
2336,87.89803437500001
2337,88.10635
2338,88.26232656250001
2339,88.20202031250001
2340,88.10510000000001
2341,88.1525609375
2342,87.871678125
2343,87.94932812500001
2344,88.1184609375
2345,88.4537671875
2346,88.57727343750001
2347,88.4900578125
2348,88.53638281250001
2349,88.30468125
2350,88.191640625
2351,88.1229484375
2352,88.0864734375
2353,87.846075
2354,87.93319687500001
2355,87.9974640625
2356,87.7575734375
2357,87.7149
2358,87.7950265625
2359,87.6517625
2360,87.592528125
2361,87.5517296875
2362,87.6413828125
2363,87.91330156250001
2364,88.01484218750001
2365,88.0277953125
2366,88.0066109375
2367,87.927990625
2368,87.85760937500001
2369,87.868271875
2370,87.9485609375
2371,87.97524531250001
2372,87.93943593750001
2373,87.55581562500001
2374,87.4495578125
2375,87.3812625
2376,87.29463906250001
2377,87.410453125
2378,87.57976875
2379,87.66672343750001
2380,87.8738125
2381,87.94112343750001
2382,87.92476093750001
2383,87.73668125
2384,87.604734375
2385,87.6196
2386,87.50537812500001
2387,87.44290781250001
2388,87.3733125
2389,87.4031265625
2390,87.352528125
2391,87.39874375000001
2392,88.28879375000001
2393,88.41554843750001
2394,87.69023125000001
2395,85.38386406250001
2396,85.704975
2397,80.8289328125
2398,77.30661718750001
2399,76.33665781250001
2400,87.782278125
2401,89.628921875
2402,89.17695312500001
2403,89.1262015625
2404,89.3348515625
2405,89.35138437500001
2406,89.0144296875
2407,88.857965625
2408,88.7477609375
2409,87.8453828125
2410,87.82478593750001
2411,87.6610125
2412,87.9501390625
2413,87.7620234375
2414,87.95026875
2415,88.4326765625
2416,90.192603125
2417,89.85232500000001
2418,89.72964531250001
2419,89.3907609375
2420,89.30350625
2421,89.3918
2422,89.32574375
2423,89.290278125
2424,89.32050000000001
2425,89.39256875000001
2426,89.3537125
2427,89.3192671875
2428,89.4852984375
2429,89.6978859375
2430,89.1985265625
2431,89.03687500000001
2432,88.98221875
2433,88.88128125
2434,88.93119531250001
2435,88.947478125
2436,88.96305000000001
2437,88.9928078125
2438,88.9933359375
2439,88.788065625
2440,88.725221875
2441,88.66061718750001
2442,88.6064796875
2443,88.732690625
2444,89.08693281250001
2445,89.1098328125
2446,89.1385953125
2447,89.09829218750001
2448,88.7314765625
2449,88.5355765625
2450,88.675646875
2451,88.6827359375
2452,88.5905390625
2453,88.82675
2454,88.9795796875
2455,88.9828734375
2456,88.9491859375
2457,89.0600578125
2458,89.1234390625
2459,89.1361140625
2460,89.2237390625
2461,89.3568171875
2462,89.2082921875
2463,90.27590781250001
2464,90.74709375
2465,90.8177203125
2466,91.083825
2467,91.3741390625
2468,90.9564421875
2469,90.5104078125
2470,90.3075328125
2471,90.17786875
2472,90.41298437500001
2473,90.50529531250001
2474,90.59177343750001
2475,90.5933796875
2476,90.64807031250001
2477,90.794965625
2478,91.03724843750001
2479,91.37267187500001
2480,91.6095046875
2481,91.47503593750001
2482,91.388221875
2483,91.4030828125
2484,91.29907187500001
2485,91.1640484375
2486,91.0953015625
2487,91.1438015625
2488,90.953184375
2489,90.6686703125
2490,90.5811421875
2491,90.85741875000001
2492,90.47779687500001
2493,90.6052953125
2494,90.85731406250001
2495,90.73344531250001
2496,91.05327187500001
2497,91.0375734375
2498,91.0097109375
2499,90.8856390625
2500,90.7584875
FrameCounts,blue_mean
2501,90.80190625
2502,90.8461765625
2503,90.93840468750001
2504,91.2093578125
2505,91.21711875
2506,91.09406875
2507,90.9772328125
2508,90.87946562500001
2509,90.88581093750001
2510,90.788178125
2511,90.73542031250001
2512,90.2400390625
2513,90.3017296875
2514,90.4740140625
2515,90.4990546875
2516,90.65593750000001
2517,90.6469578125
2518,90.7270421875
2519,90.75655312500001
2520,90.7029015625
2521,90.744646875
2522,90.79527031250001
2523,90.7104046875
2524,90.562425
2525,90.35213593750001
2526,90.24638125
2527,90.2727765625
2528,89.9088875
2529,90.0684234375
2530,90.04793437500001
2531,90.13727031250001
2532,90.11762812500001
2533,90.1819484375
2534,90.0523421875
2535,90.0882078125
2536,90.074634375
2537,90.41051875000001
2538,90.584896875
2539,90.45916562500001
2540,90.1047453125
2541,90.0471296875
2542,89.908721875
2543,90.34592500000001
2544,89.9883859375
2545,90.08237968750001
2546,90.19219843750001
2547,90.1870390625
2548,90.06920781250001
2549,90.27961093750001
2550,90.3803125
2551,90.3870546875
2552,90.3771953125
2553,90.35016875000001
2554,90.2726296875
2555,90.524996875
2556,90.4437203125
2557,90.4097796875
2558,90.5419453125
2559,90.49965937500001
2560,90.72124218750001
2561,90.7147453125
2562,90.62900312500001
2563,90.4391796875
2564,90.28935468750001
2565,90.28351875
2566,90.3133875
2567,90.36118593750001
2568,90.34851875000001
2569,90.2994890625
2570,90.19042656250001
2571,90.2046734375
2572,90.1762453125
2573,90.19158125
2574,90.20224375000001
2575,90.20603750000001
2576,90.08631406250001
2577,90.01215156250001
2578,90.02303125
2579,90.1058359375
2580,90.13154531250001
2581,90.17298281250001
2582,90.30037187500001
2583,90.122690625
2584,89.91667343750001
2585,89.81619375000001
2586,89.7246671875
2587,89.66054375
2588,89.6010921875
2589,89.6930296875
2590,89.77637812500001
2591,89.6811578125
2592,89.64504375
2593,89.925184375
2594,90.0490609375
2595,90.1315921875
2596,90.2284125
2597,90.42854062500001
2598,90.211534375
2599,90.02311875000001
2600,90.0923328125
2601,89.9736671875
2602,89.96162968750001
2603,90.037903125
2604,90.22138906250001
2605,90.16716875
2606,90.1193609375
2607,90.073125
2608,90.13596562500001
2609,90.04489218750001
2610,89.99293593750001
2611,90.16146875
2612,90.20543437500001
2613,90.28081250000001
2614,90.32012656250001
2615,90.3364453125
2616,90.34086718750001
2617,91.2304609375
2618,90.4083015625
2619,89.9719828125
2620,89.3222296875
2621,89.25789531250001
2622,89.2464875
2623,89.366821875
2624,89.44714375000001
2625,90.2315578125
2626,90.6829953125
2627,90.8773625
2628,91.05127656250001
2629,90.869453125
2630,90.3103984375
2631,89.966234375
2632,90.03248125
2633,90.1244765625
2634,90.1545625
2635,90.083465625
2636,89.9702125
2637,89.88751875
2638,89.14017343750001
2639,88.746009375
2640,88.9113734375
2641,88.677540625
2642,88.666384375
2643,88.651296875
2644,88.66878906250001
2645,88.7708109375
2646,88.79626093750001
2647,88.86403750000001
2648,88.917809375
2649,88.995471875
2650,89.1097625
2651,89.04831875
2652,89.0628171875
2653,89.2017828125
2654,89.1059734375
2655,89.13864062500001
2656,89.2503125
2657,89.07042968750001
2658,89.0402921875
2659,89.17553281250001
2660,89.04324687500001
2661,88.8488734375
2662,88.90527187500001
2663,89.03615937500001
2664,88.57753281250001
2665,88.31598281250001
2666,88.0653953125
2667,87.862178125
2668,87.75316562500001
2669,87.94047031250001
2670,87.7071171875
2671,87.91677187500001
2672,88.01545625
2673,87.58193125000001
2674,87.321021875
2675,87.16665625
2676,86.7624859375
2677,86.9372140625
2678,87.330815625
2679,87.34267968750001
2680,87.4084234375
2681,87.16516250000001
2682,87.08724375
2683,86.8244046875
2684,86.7495046875
2685,86.7090015625
2686,86.7473171875
2687,86.76489843750001
2688,86.9148359375
2689,86.97140937500001
2690,86.90347187500001
2691,87.0965484375
2692,87.11763125
2693,86.7287921875
2694,86.5517875
2695,86.521971875
2696,88.36606875000001
2697,88.38368906250001
2698,88.4723484375
2699,88.6941984375
2700,88.6097328125
2701,88.6842609375
2702,88.7728828125
2703,88.82569218750001
2704,88.7240640625
2705,88.7280328125
2706,88.9309203125
2707,89.129209375
2708,89.3096359375
2709,89.2303875
2710,89.182240625
2711,89.18285625
2712,89.1589859375
2713,89.3540859375
2714,89.506675
2715,89.2729265625
2716,88.7529953125
2717,89.201959375
2718,89.3618921875
2719,89.34955156250001
2720,89.29684531250001
2721,89.424040625
2722,89.332453125
2723,89.1466390625
2724,88.8098921875
2725,88.84168281250001
2726,89.3913265625
2727,89.42396718750001
2728,89.3810078125
2729,89.50039375
2730,90.02541562500001
2731,90.5176
2732,90.49225
2733,90.62086875
2734,90.1926859375
2735,90.2158359375
2736,90.37467500000001
2737,89.8871265625
2738,89.474365625
2739,89.2240671875
2740,88.946246875
2741,89.04184375
2742,88.6182859375
2743,88.4035734375
2744,88.548859375
2745,89.7444703125
2746,86.7124328125
2747,86.09223750000001
2748,85.9072265625
2749,86.3168484375
2750,86.8149046875
2751,86.2781390625
2752,85.9665640625
2753,85.5598109375
2754,85.23121875000001
2755,85.0186734375
2756,84.8819578125
2757,84.99580312500001
2758,84.76419375
2759,84.71731406250001
2760,84.76939531250001
2761,84.75851875000001
2762,86.605190625
2763,86.62028281250001
2764,86.53445781250001
2765,86.65704843750001
2766,86.61575937500001
2767,86.6791640625
2768,86.77954062500001
2769,86.8396
2770,86.8721046875
2771,86.939625
2772,87.2758296875
2773,87.764553125
2774,87.96202500000001
2775,87.556821875
2776,87.042275
2777,86.9275109375
2778,86.8194765625
2779,86.7728921875
2780,86.81355156250001
2781,86.698853125
2782,86.3245859375
2783,86.0449078125
2784,85.36926406250001
2785,85.234459375
2786,85.21495312500001
2787,85.29074687500001
2788,86.273021875
2789,86.416365625
2790,86.27108906250001
2791,86.63366718750001
2792,87.163915625
2793,88.1880046875
2794,92.2251
2795,93.655421875
2796,89.41941406250001
2797,88.632790625
2798,75.100740625
2799,70.8990859375
2800,62.67220625
2801,64.5307703125
2802,56.675109375000005
2803,55.4048203125
2804,65.2730171875
2805,64.93045625
2806,63.5092984375
2807,68.444053125
2808,72.23315625000001
2809,72.297365625
2810,71.7923953125
2811,71.3721921875
2812,74.7942890625
2813,75.4535390625
2814,78.3079609375
2815,79.51906875
2816,81.17934062500001
2817,81.0484421875
2818,71.558025
2819,71.6765421875
2820,71.5392484375
2821,71.5066609375
2822,65.6246078125
2823,65.6731125
2824,64.9985171875
2825,64.7629546875
2826,64.908534375
2827,65.0394796875
2828,64.910503125
2829,64.950046875
2830,64.94723437500001
2831,64.9497578125
2832,64.783575
2833,65.06083281250001
2834,65.17644375
2835,65.385040625
2836,65.1914921875
2837,64.9992125
2838,65.3433875
2839,65.3477484375
2840,65.25105156250001
2841,65.265878125
2842,65.22633437500001
2843,64.8774515625
2844,64.636021875
2845,64.68342968750001
2846,64.628990625
2847,64.6442796875
2848,64.5485109375
2849,64.37843906250001
2850,64.40347187500001
2851,64.66343125
2852,64.9203296875
2853,65.441996875
2854,65.282671875
2855,64.89443125
2856,64.9935703125
2857,65.0583671875
2858,60.4030921875
2859,59.796062500000005
2860,60.273323437500004
2861,59.945560937500005
2862,59.683103125
2863,59.557457812500004
2864,59.58286875
2865,59.711059375000005
2866,60.171296875
2867,60.247968750000005
2868,60.240085937500005
2869,60.3065421875
2870,59.639306250000004
2871,59.520703125000004
2872,59.4543453125
2873,58.5106875
2874,58.0520609375
2875,65.0022421875
2876,70.992209375
2877,70.4036703125
2878,74.5723296875
2879,74.045896875
2880,76.0429109375
2881,75.70114843750001
2882,80.73762500000001
2883,80.553290625
2884,84.107396875
2885,83.9482359375
2886,85.5149703125
2887,85.7289328125
2888,85.7134375
2889,85.681671875
2890,85.6294625
2891,85.408246875
2892,85.3476375
2893,85.1768359375
2894,85.2352125
2895,85.12352187500001
2896,86.701771875
2897,86.77671875
2898,86.852790625
2899,86.95371875000001
2900,87.09421093750001
2901,87.222996875
2902,87.17661562500001
2903,87.423409375
2904,87.621971875
2905,87.88954062500001
2906,88.34664375
2907,88.5794515625
2908,88.99446093750001
2909,89.01317812500001
2910,88.46391406250001
2911,88.6489359375
2912,88.46592968750001
2913,88.179146875
2914,88.2684796875
2915,88.68168750000001
2916,88.8246953125
2917,88.85114531250001
2918,88.5042
2919,88.4415328125
2920,87.82357656250001
2921,87.21791093750001
2922,87.91168125
2923,87.76037343750001
2924,87.2026265625
2925,87.13290937500001
2926,87.265928125
2927,87.1790984375
2928,86.84154375
2929,86.57275625
2930,86.11417187500001
2931,85.7622625
2932,86.0178265625
2933,86.4811703125
2934,86.47915
2935,86.4504578125
2936,86.51719375
2937,86.425571875
2938,86.1640828125
2939,86.0430625
2940,86.1925953125
2941,86.49263437500001
2942,86.7607078125
2943,86.29820781250001
2944,86.1392125
2945,86.0539734375
2946,85.3335578125
2947,85.1352859375
2948,85.34000937500001
2949,85.9919640625
2950,85.7795625
2951,85.60553750000001
2952,85.60606250000001
2953,85.37019218750001
2954,85.2211515625
2955,84.7778625
2956,84.72138125000001
2957,85.0970125
2958,85.05138281250001
2959,85.32877656250001
2960,86.1768171875
2961,86.24372968750001
2962,86.8168921875
2963,86.651046875
2964,85.902225
2965,85.64885000000001
2966,84.9606875
2967,84.4531421875
2968,84.299934375
2969,84.6382421875
2970,84.8583921875
2971,85.0828328125
2972,85.12761093750001
2973,84.74338593750001
2974,83.9080375
2975,84.02240312500001
2976,83.96685781250001
2977,83.555721875
2978,83.68556875
2979,84.35139218750001
2980,84.824275
2981,86.5984921875
2982,86.85348593750001
2983,87.1402265625
2984,75.7493890625
2985,73.3884125
2986,71.949021875
2987,77.6757203125
2988,77.0537984375
2989,76.78001875000001
2990,79.47332031250001
2991,79.4769734375
2992,79.645809375
2993,80.0080234375
2994,83.501984375
2995,83.298146875
2996,83.1846
2997,82.88123125
2998,82.37571875
2999,82.84715468750001
3000,83.487353125
FrameCounts,blue_mean
3001,83.7588265625
3002,84.2103078125
3003,83.9570515625
3004,83.5122328125
3005,83.4288328125
3006,83.4257984375
3007,83.272890625
3008,82.15982968750001
3009,81.60564375
3010,81.287796875
3011,81.0185546875
3012,84.49721562500001
3013,84.3202234375
3014,84.01887500000001
3015,83.85572656250001
3016,83.88258593750001
3017,84.0016890625
3018,84.11019375000001
3019,84.29930625
3020,84.2144296875
3021,84.2981359375
3022,84.42625625000001
3023,84.4932828125
3024,84.423325
3025,84.24177031250001
3026,84.141778125
3027,83.9639609375
3028,84.14396718750001
3029,84.0750328125
3030,84.015234375
3031,83.9589078125
3032,83.9716546875
3033,84.0047375
3034,84.077003125
3035,84.16584531250001
3036,84.2036796875
3037,84.207065625
3038,85.868925
3039,85.96278281250001
3040,86.010875
3041,86.11374218750001
3042,86.0833953125
3043,85.99389218750001
3044,85.8703265625
3045,85.73615625000001
3046,85.69910468750001
3047,85.6378953125
3048,85.67032656250001
3049,85.75911875
3050,85.8634453125
3051,85.8201171875
3052,85.7546890625
3053,85.8157984375
3054,85.9307203125
3055,85.8832609375
3056,85.870815625
3057,86.0914515625
3058,86.1379015625
3059,86.106565625
3060,86.1982078125
3061,86.2083953125
3062,86.1749328125
3063,86.25083281250001
3064,86.21333750000001
3065,86.37393750000001
3066,86.39735937500001
3067,86.31221875
3068,86.0039484375
3069,85.743396875
3070,85.73860937500001
3071,85.65770156250001
3072,85.752246875
3073,85.473003125
3074,85.3332078125
3075,85.4383734375
3076,85.4926328125
3077,85.42941875000001
3078,86.00382656250001
3079,86.2265796875
3080,86.20048125000001
3081,86.438915625
3082,86.8016375
3083,87.816596875
3084,90.94195625
3085,87.788284375
3086,83.69649375
3087,79.6610859375
3088,78.862340625
3089,71.9747875
3090,71.7352625
3091,72.7191640625
3092,75.564228125
3093,72.11281875
3094,72.3977578125
3095,72.4519640625
3096,64.8075953125
3097,64.894909375
3098,65.42315781250001
3099,65.53287656250001
3100,65.4521265625
3101,65.66106875
3102,65.7698140625
3103,65.6260390625
3104,65.7688703125
3105,65.988128125
3106,66.02602031250001
3107,65.79900625
3108,65.5708453125
3109,65.52200625
3110,65.397728125
3111,65.51193125
3112,65.5626140625
3113,65.50525
3114,65.5360640625
3115,65.43725625
3116,65.21027500000001
3117,65.1730328125
3118,65.31219375
3119,65.4623671875
3120,65.2771484375
3121,65.1171234375
3122,64.9115359375
3123,64.9890640625
3124,64.9334625
3125,65.01347968750001
3126,64.7869359375
3127,64.89071875
3128,65.048859375
3129,65.075015625
3130,64.8196953125
3131,64.78791875
3132,64.7588453125
3133,65.2802953125
3134,65.1180453125
3135,64.8691671875
3136,64.780528125
3137,64.5613484375
3138,64.1865828125
3139,62.897184375
3140,61.653796875000005
3141,66.8435484375
3142,70.7718234375
3143,70.0375890625
3144,75.11759375
3145,75.00039843750001
3146,77.66554218750001
3147,77.58787343750001
3148,81.68547343750001
3149,81.48618593750001
3150,83.4924140625
3151,83.417534375
3152,83.63266250000001
3153,83.5587203125
3154,85.3015328125
3155,85.3231671875
3156,86.05955312500001
3157,86.7723015625
3158,86.3879234375
3159,86.79059062500001
3160,86.254678125
3161,85.800134375
3162,85.7092640625
3163,85.61427656250001
3164,85.55981875
3165,85.5524453125
3166,85.1519390625
3167,85.52375156250001
3168,85.33186875
3169,84.9658
3170,85.0699671875
3171,85.07840312500001
3172,84.8400890625
3173,84.58783281250001
3174,84.6375890625
3175,85.02106875
3176,87.01818750000001
3177,86.8428921875
3178,87.2423296875
3179,86.8283703125
3180,86.6402046875
3181,86.7059234375
3182,86.74539375
3183,86.7690671875
3184,86.8380953125
3185,86.9721359375
3186,86.87701406250001
3187,86.8663515625
3188,86.8467640625
3189,86.9272703125
3190,86.74921718750001
3191,86.6468796875
3192,86.6678375
3193,86.7268609375
3194,86.71567812500001
3195,86.573234375
3196,86.6825921875
3197,86.6894671875
3198,86.4733734375
3199,86.3577546875
3200,86.45222343750001
3201,86.1474109375
3202,86.0842171875
3203,86.3539390625
3204,86.5993703125
3205,86.6658140625
3206,86.7435671875
3207,86.7341734375
3208,86.5193625
3209,86.39023593750001
3210,86.3137140625
3211,86.364415625
3212,86.3068078125
3213,86.4007859375
3214,86.41899843750001
3215,86.44112187500001
3216,86.4475390625
3217,86.33972968750001
3218,86.42906718750001
3219,86.6500265625
3220,86.98126093750001
3221,87.0715875
3222,87.140603125
3223,87.1182234375
3224,86.9558734375
3225,86.873590625
3226,86.6957
3227,86.81830781250001
3228,86.96355468750001
3229,86.973128125
3230,86.97693125
3231,87.04059062500001
3232,87.02609687500001
3233,87.020815625
3234,86.8908390625
3235,86.7707703125
3236,86.63875468750001
3237,86.66898125
3238,86.19293593750001
3239,86.084653125
3240,86.0392625
3241,85.89256875000001
3242,85.72955
3243,86.02052656250001
3244,86.21828125
3245,86.40647968750001
3246,86.41082812500001
3247,86.4243765625
3248,86.6105265625
3249,86.501446875
3250,86.47042656250001
3251,86.21906875
3252,86.06112656250001
3253,86.3026734375
3254,86.3318484375
3255,86.4027234375
3256,86.23910000000001
3257,86.2992875
3258,86.4896796875
3259,86.56145000000001
3260,86.56805468750001
3261,86.51842656250001
3262,86.6698953125
3263,86.5526375
3264,86.455628125
3265,86.3456640625
3266,86.16994375
3267,86.2784765625
3268,86.2952234375
3269,86.392671875
3270,86.47117187500001
3271,86.4739796875
3272,86.59998125
3273,86.68372500000001
3274,86.76012187500001
3275,86.70995937500001
3276,86.6108953125
3277,86.6105765625
3278,86.46039375000001
3279,86.3802859375
3280,86.28209062500001
3281,86.389503125
3282,86.15600625
3283,86.143646875
3284,86.28518906250001
3285,86.2506125
3286,86.2624078125
3287,86.19342031250001
3288,86.06250468750001
3289,85.94613125000001
3290,85.91713750000001
3291,85.95404218750001
3292,85.861159375
3293,85.87917812500001
3294,85.9085484375
3295,85.76154062500001
3296,85.115503125
3297,84.06001875
3298,78.58806875
3299,74.6093890625
3300,72.18224218750001
3301,71.922215625
3302,86.7992171875
3303,90.536
3304,94.5176078125
3305,93.27595625000001
3306,86.7637796875
3307,86.0322359375
3308,85.7057546875
3309,85.10698281250001
3310,84.98175
3311,84.94478281250001
3312,84.1693234375
3313,84.05389375
3314,83.44511250000001
3315,83.53560625
3316,83.4867921875
3317,83.410815625
3318,84.064625
3319,84.00464062500001
3320,84.2129265625
3321,84.3290796875
3322,84.07859375000001
3323,83.7967140625
3324,85.30358281250001
3325,85.1164015625
3326,85.075890625
3327,85.05205000000001
3328,85.5076359375
3329,85.7822296875
3330,85.81517343750001
3331,85.8232078125
3332,85.77223125
3333,85.8258984375
3334,85.7660875
3335,85.33236875
3336,85.532534375
3337,85.5885234375
3338,85.4340234375
3339,85.38805781250001
3340,85.45038125
3341,85.49983593750001
3342,85.5538671875
3343,85.74328125000001
3344,85.5803859375
3345,85.74015
3346,85.80874375
3347,85.77498125000001
3348,85.8443984375
3349,85.86424375
3350,86.1145125
3351,86.09867343750001
3352,86.069075
3353,85.855440625
3354,85.6440359375
3355,85.539
3356,85.440284375
3357,85.505440625
3358,85.5841
3359,85.6249375
3360,85.71457500000001
3361,85.7555734375
3362,85.7653578125
3363,85.5549421875
3364,85.53424687500001
3365,85.557940625
3366,85.5316953125
3367,85.44665
3368,85.7343390625
3369,85.9678171875
3370,86.0000984375
3371,86.06433906250001
3372,86.239196875
3373,86.13065312500001
3374,86.0291421875
3375,86.04463750000001
3376,86.00729062500001
3377,85.9376765625
3378,85.71804531250001
3379,85.6933953125
3380,85.55775625
3381,85.51376093750001
3382,85.47003281250001
3383,85.190403125
3384,85.1961859375
3385,85.2492890625
3386,85.43281875000001
3387,85.69255625000001
3388,85.628015625
3389,85.39896250000001
3390,85.277809375
3391,85.0485671875
3392,84.86730625
3393,85.2005671875
3394,85.3226234375
3395,85.3199390625
3396,85.3186484375
3397,85.27493125000001
3398,85.2166515625
3399,85.022334375
3400,84.94029375000001
3401,85.10839687500001
3402,85.0349171875
3403,85.17128281250001
3404,85.2588171875
3405,85.30824062500001
3406,85.49481875000001
3407,85.4999390625
3408,85.8073921875
3409,85.7354875
3410,85.58954531250001
3411,85.65371093750001
3412,85.64332031250001
3413,85.780946875
3414,86.0527515625
3415,86.20404218750001
3416,86.3712375
3417,86.40557343750001
3418,86.15800625
3419,85.9521984375
3420,85.8562640625
3421,85.55822500000001
3422,85.4778859375
3423,85.763575
3424,85.756909375
3425,85.71833281250001
3426,85.60789375
3427,85.56955
3428,85.6572609375
3429,85.396096875
3430,85.784546875
3431,85.8150296875
3432,85.79262187500001
3433,85.8225640625
3434,85.870540625
3435,85.84254531250001
3436,85.788671875
3437,85.9116484375
3438,85.843053125
3439,85.79881093750001
3440,85.685640625
3441,85.651953125
3442,85.9046015625
3443,85.69003125
3444,85.64280625
3445,85.79625625
3446,85.806875
3447,85.79950625000001
3448,85.7149203125
3449,85.7119
3450,85.4055953125
3451,85.3091921875
3452,85.5215125
3453,85.6865609375
3454,85.74236718750001
3455,85.6587375
3456,85.5302125
3457,85.44574531250001
3458,85.55323750000001
3459,85.58915937500001
3460,85.6331953125
3461,85.6069359375
3462,85.636396875
3463,85.4512734375
3464,85.2410453125
3465,85.27613281250001
3466,85.20025000000001
3467,84.8114546875
3468,84.8974609375
3469,85.177796875
3470,85.2898765625
3471,85.3296578125
3472,85.28013750000001
3473,85.1961515625
3474,85.22117187500001
3475,85.2317
3476,86.1975953125
3477,86.060409375
3478,85.7492765625
3479,85.64340468750001
3480,85.487678125
3481,85.45416250000001
3482,85.529184375
3483,85.85749375
3484,85.965596875
3485,85.97018125000001
3486,85.93107656250001
3487,85.9230609375
3488,85.884121875
3489,86.01154062500001
3490,86.0016796875
3491,85.8734890625
3492,85.75768125
3493,85.870378125
3494,85.976375
3495,86.018940625
3496,86.25258281250001
3497,86.3438796875
3498,87.110078125
3499,87.8604875
3500,87.3784140625
FrameCounts,blue_mean
3501,86.7407046875
3502,86.24500312500001
3503,85.92628125
3504,85.7419359375
3505,85.572840625
3506,84.946678125
3507,84.8105671875
3508,84.4711953125
3509,84.7528609375
3510,85.3099171875
3511,85.230903125
3512,84.778425
3513,84.2999453125
3514,85.9998203125
3515,86.38348125
3516,86.3487796875
3517,86.285234375
3518,86.81996875
3519,87.0318921875
3520,87.08484687500001
3521,87.1212578125
3522,86.9664453125
3523,87.157846875
3524,87.13291875
3525,87.168796875
3526,87.24518593750001
3527,86.80521875000001
3528,87.0346875
3529,87.314571875
3530,87.1571015625
3531,87.18994375
3532,87.34476718750001
3533,87.15835625
3534,87.077459375
3535,87.1614078125
3536,87.05684218750001
3537,86.8906203125
3538,86.83445625
3539,86.621334375
3540,86.78744375000001
3541,87.17753437500001
3542,87.60379375000001
3543,87.44287968750001
3544,87.29505312500001
3545,87.218484375
3546,87.15088750000001
3547,87.49706718750001
3548,87.6012703125
3549,87.6713984375
3550,87.66661875
3551,87.3705125
3552,87.565571875
3553,87.2183
3554,86.95329375
3555,86.8884140625
3556,86.7691515625
3557,86.68444062500001
3558,87.3142859375
3559,87.50325781250001
3560,87.49890625
3561,87.25520625
3562,87.3623609375
3563,87.5017765625
3564,89.1533140625
3565,89.2384171875
3566,89.20259531250001
3567,89.46313437500001
3568,89.17343906250001
3569,89.13779218750001
3570,89.2692375
3571,89.0317265625
3572,88.58707968750001
3573,88.1677015625
3574,87.9371375
3575,87.92578125
3576,88.085096875
3577,88.456275
3578,88.88741093750001
3579,89.1101890625
3580,89.190759375
3581,89.15471875
3582,88.863325
3583,88.6835609375
3584,88.9619796875
3585,88.95980312500001
3586,89.06131875
3587,89.0558328125
3588,89.13671875
3589,89.262246875
3590,89.2120015625
3591,89.48125
3592,89.45962812500001
3593,89.6272890625
3594,89.7213484375
3595,89.9437796875
3596,89.541590625
3597,89.87813750000001
3598,90.61877187500001
3599,89.8727578125
3600,80.67773906250001
3601,75.9194609375
3602,86.61130468750001
3603,88.8051375
3604,89.28679843750001
3605,89.339534375
3606,89.4165
3607,89.1099640625
3608,88.59992968750001
3609,88.449459375
3610,88.358278125
3611,88.5296859375
3612,88.93371093750001
3613,88.9884671875
3614,88.97082656250001
3615,89.4058359375
3616,89.38553125
3617,89.1043375
3618,88.89486562500001
3619,88.97907500000001
3620,88.58818281250001
3621,88.4692265625
3622,88.28656562500001
3623,88.092134375
3624,87.457265625
3625,87.3807671875
3626,87.53378125
3627,87.6906140625
3628,87.56738125000001
3629,87.393371875
3630,87.3338234375
3631,87.2791875
3632,87.20603906250001
3633,87.29074531250001
3634,87.334975
3635,87.5584765625
3636,87.62303125000001
3637,87.64831875
3638,87.414196875
3639,87.2424
3640,87.1211859375
3641,87.02211406250001
3642,87.07945781250001
3643,86.8618140625
3644,86.7585140625
3645,86.7343421875
3646,86.823684375
3647,86.800565625
3648,86.89407968750001
3649,87.0383125
3650,87.1916453125
3651,87.2744484375
3652,87.2429265625
3653,87.25965000000001
3654,87.3226109375
3655,87.3706328125
3656,87.3869734375
3657,87.4742390625
3658,87.16810781250001
3659,87.05645
3660,86.87374062500001
3661,86.84215
3662,86.8188328125
3663,87.0978140625
3664,87.3325453125
3665,87.3987828125
3666,87.3691015625
3667,87.3238765625
3668,87.323171875
3669,87.32967500000001
3670,87.29215156250001
3671,87.456415625
3672,87.57221406250001
3673,87.761584375
3674,87.83455000000001
3675,87.913690625
3676,87.94757968750001
3677,87.964725
3678,87.62871875
3679,87.48765
3680,87.33918750000001
3681,87.14931250000001
3682,87.0849703125
3683,87.00428281250001
3684,87.05991875000001
3685,87.01270000000001
3686,87.1554921875
3687,87.083240625
3688,87.30476875000001
3689,87.468378125
3690,87.58598125
3691,87.65545625
3692,87.681021875
3693,87.71072500000001
3694,87.75190156250001
3695,87.67562500000001
3696,87.605584375
3697,87.5830921875
3698,87.6548453125
3699,87.557246875
3700,87.541971875
3701,87.66390625000001
3702,87.6433015625
3703,87.68300625
3704,87.543196875
3705,87.50378437500001
3706,87.52046406250001
3707,87.5274625
3708,87.6401359375
3709,87.716940625
3710,87.7071046875
3711,87.68340156250001
3712,87.6292578125
3713,87.50634218750001
3714,87.41236875
3715,87.51565625
3716,87.39087500000001
3717,87.5746984375
3718,89.612040625
3719,92.2474484375
3720,91.92908750000001
3721,91.86230625
3722,81.9152078125
3723,81.6136875
3724,81.06125312500001
3725,80.30368750000001
3726,79.92973437500001
3727,79.761496875
3728,79.37074375
3729,79.0630765625
3730,80.1797078125
3731,80.39812656250001
3732,82.09041718750001
3733,81.8983890625
3734,81.795465625
3735,81.533125
3736,81.4007265625
3737,81.36849843750001
3738,81.325240625
3739,81.41183906250001
3740,81.21574375
3741,81.28885625000001
3742,81.30638125
3743,81.43611250000001
3744,83.504059375
3745,83.9747921875
3746,84.1185890625
3747,85.64260468750001
3748,85.20322031250001
3749,84.46270468750001
3750,83.8432796875
3751,84.1065328125
3752,83.2300109375
3753,83.0353
3754,82.75861093750001
3755,82.7439921875
3756,83.9008
3757,83.95685937500001
3758,83.825190625
3759,83.6680984375
3760,85.90175625
3761,85.884765625
3762,85.84391875
3763,85.7487984375
3764,85.59544687500001
3765,85.55432031250001
3766,85.5011796875
3767,85.6496875
3768,85.7041359375
3769,85.75088906250001
3770,85.71958281250001
3771,85.98296718750001
3772,86.2039640625
3773,85.86134062500001
3774,86.1440359375
3775,85.9177609375
3776,85.8378
3777,86.13505
3778,86.210265625
3779,86.22200781250001
3780,87.8993578125
3781,88.3967859375
3782,88.351478125
3783,88.12832812500001
3784,87.99002812500001
3785,88.343934375
3786,88.38038593750001
3787,88.3209890625
3788,88.60623906250001
3789,88.74989218750001
3790,89.10450468750001
3791,89.12821875
3792,89.0557203125
3793,88.4324
3794,87.85515781250001
3795,87.8430890625
3796,88.09968125
3797,88.18819218750001
3798,88.16255625000001
3799,87.99196875
3800,88.1898875
3801,88.1731078125
3802,88.17686875000001
3803,88.204384375
3804,88.2255859375
3805,88.409503125
3806,88.55395
3807,88.423653125
3808,88.15619843750001
3809,88.46927500000001
3810,88.813496875
3811,88.8321109375
3812,88.363409375
3813,88.2502046875
3814,88.12275625000001
3815,88.0650390625
3816,88.1092765625
3817,87.89910156250001
3818,88.04907812500001
3819,87.8233359375
3820,87.66316875000001
3821,87.79373906250001
3822,87.2212078125
3823,87.0887984375
3824,87.13630781250001
3825,87.558175
3826,87.439678125
3827,87.528478125
3828,87.574303125
3829,87.5417046875
3830,87.75895625
3831,87.6575203125
3832,87.6428296875
3833,87.572540625
3834,87.71099375
3835,87.63481250000001
3836,87.6144359375
3837,87.59533593750001
3838,87.705578125
3839,87.7568078125
3840,87.74421562500001
3841,87.92185
3842,87.6844890625
3843,87.658915625
3844,87.29038750000001
3845,86.917828125
3846,86.9151109375
3847,87.0765234375
3848,86.665396875
3849,86.71486875000001
3850,86.5851875
3851,86.6341390625
3852,86.54496875000001
3853,87.4797015625
3854,87.6258296875
3855,88.416396875
3856,88.4648890625
3857,88.0926546875
3858,87.36963750000001
3859,87.3075
3860,87.2223609375
3861,87.2758421875
3862,87.1258015625
3863,87.171728125
3864,87.205653125
3865,87.47946093750001
3866,87.02573906250001
3867,86.83568125000001
3868,86.07380625
3869,85.82139375
3870,86.6142875
3871,88.077684375
3872,88.3111375
3873,88.01779375000001
3874,87.5890796875
3875,87.462215625
3876,86.66304375
3877,86.4864
3878,86.40068281250001
3879,86.3217953125
3880,86.489153125
3881,86.67026406250001
3882,87.6380453125
3883,87.88212187500001
3884,87.4554578125
3885,87.1462484375
3886,86.822553125
3887,86.7216296875
3888,87.03255
3889,87.07700625000001
3890,87.194540625
3891,87.726934375
3892,87.621071875
3893,87.587640625
3894,87.335553125
3895,86.8896140625
3896,86.717628125
3897,86.60230468750001
3898,87.068284375
3899,87.3976859375
3900,87.34127500000001
3901,87.237215625
3902,76.66067968750001
3903,85.3896859375
3904,86.2206640625
3905,86.018946875
3906,85.841740625
3907,85.8084140625
3908,85.98253125000001
3909,86.17930468750001
3910,86.4644578125
3911,86.3787546875
3912,86.32464531250001
3913,86.538403125
3914,86.6644359375
3915,86.71524375
3916,86.6162484375
3917,86.44899062500001
3918,86.4410265625
3919,86.5240703125
3920,86.646421875
3921,86.8979234375
3922,86.96360468750001
3923,86.65806718750001
3924,86.43036875
3925,86.03083125
3926,85.7669734375
3927,85.863228125
3928,85.988375
3929,86.2778375
3930,86.3878515625
3931,86.42630625000001
3932,86.33826093750001
3933,85.89020625
3934,85.660903125
3935,85.72594843750001
3936,87.43339531250001
3937,87.8560796875
3938,88.2139953125
3939,88.33825625
3940,88.2778515625
3941,88.0027640625
3942,87.7515171875
3943,87.6672296875
3944,87.80813437500001
3945,88.134290625
3946,88.36887812500001
3947,88.71278906250001
3948,88.45281875
3949,88.6122015625
3950,88.45639375
3951,88.19636406250001
3952,87.913559375
3953,87.79778593750001
3954,87.94720781250001
3955,88.2946640625
3956,89.145425
3957,89.401071875
3958,89.58515
3959,89.3052140625
3960,89.0826640625
3961,88.9222390625
3962,88.50090468750001
3963,88.53015625
3964,89.1674234375
3965,89.09001093750001
3966,89.052925
3967,88.8194125
3968,88.82886718750001
3969,88.7723546875
3970,88.7855984375
3971,89.005453125
3972,89.079125
3973,89.130840625
3974,89.5890234375
3975,89.767075
3976,89.228221875
3977,88.611053125
3978,88.13380781250001
3979,88.10603125
3980,87.29633125000001
3981,87.1017453125
3982,87.21788437500001
3983,87.403109375
3984,87.2993609375
3985,87.24365
3986,87.55523906250001
3987,87.4554375
3988,87.1264671875
3989,87.22739375
3990,87.3982203125
3991,87.5285171875
3992,87.6495125
3993,87.66649843750001
3994,87.5010828125
3995,87.38753906250001
3996,87.258303125
3997,87.0607609375
3998,87.072584375
3999,87.6273953125
4000,87.48138750000001
FrameCounts,blue_mean
4001,87.556509375
4002,87.2055453125
4003,87.214909375
4004,87.272821875
4005,87.2009890625
4006,87.187396875
4007,87.51810625
4008,87.74706093750001
4009,87.49027343750001
4010,87.20404375000001
4011,86.89209687500001
4012,86.8107609375
4013,86.885475
4014,87.3569453125
4015,87.799309375
4016,87.76026250000001
4017,87.8022109375
4018,87.39313750000001
4019,87.0587640625
4020,86.69043437500001
4021,86.4540828125
4022,86.6155515625
4023,87.2299828125
4024,87.2044546875
4025,87.1518328125
4026,87.0455
4027,86.9562578125
4028,86.427178125
4029,86.4861484375
4030,86.67910156250001
4031,86.6941171875
4032,86.8105671875
4033,87.6460375
4034,88.33885000000001
4035,89.06265156250001
4036,88.1632546875
4037,87.9381
4038,87.7631109375
4039,87.591053125
4040,87.6033
4041,87.2832671875
4042,86.6813203125
4043,86.9220734375
4044,86.9389046875
4045,88.0936953125
4046,88.2725328125
4047,87.7964671875
4048,87.47559062500001
4049,87.3851859375
4050,87.2224265625
4051,87.23696875
4052,87.3868484375
4053,87.3380484375
4054,86.74682968750001
4055,86.6458015625
4056,86.51456093750001
4057,86.5233484375
4058,86.3235296875
4059,86.15363125
4060,85.46375937500001
4061,85.4731625
4062,85.6172921875
4063,85.844353125
4064,85.4608953125
4065,85.7754421875
4066,86.11187343750001
4067,85.90980625
4068,85.5588046875
4069,85.30468125
4070,84.950328125
4071,84.90403125
4072,85.367034375
4073,86.066834375
4074,86.054209375
4075,85.7381140625
4076,85.08312500000001
4077,85.0772984375
4078,84.8849359375
4079,84.81757656250001
4080,85.008975
4081,84.696303125
4082,84.64303281250001
4083,84.460115625
4084,85.08359531250001
4085,84.7736796875
4086,84.3483734375
4087,84.18975937500001
4088,84.15276250000001
4089,84.242440625
4090,86.0276953125
4091,87.2319265625
4092,87.24463750000001
4093,87.06673125
4094,86.34461093750001
4095,86.21281875000001
4096,86.4418078125
4097,86.15107031250001
4098,86.0262421875
4099,86.0361890625
4100,85.36983125
4101,85.24229062500001
4102,85.40549531250001
4103,85.77641875
4104,86.739640625
4105,87.2013328125
4106,87.2174421875
4107,87.20868125
4108,86.66100468750001
4109,86.41332187500001
4110,85.8835359375
4111,85.7754890625
4112,86.1586453125
4113,86.276403125
4114,86.42045937500001
4115,86.46103125
4116,86.5017140625
4117,86.83223125
4118,86.0941671875
4119,85.8874421875
4120,85.7163015625
4121,85.86118437500001
4122,85.8321875
4123,85.67733750000001
4124,85.4912125
4125,85.5366828125
4126,85.55858437500001
4127,85.3290828125
4128,85.44781718750001
4129,86.9113515625
4130,88.0978125
4131,87.759296875
4132,87.47873750000001
4133,87.315234375
4134,87.6804328125
4135,87.789596875
4136,87.4637140625
4137,87.173209375
4138,86.9239703125
4139,87.1636015625
4140,86.86835
4141,86.83377031250001
4142,86.927284375
4143,86.68454375
4144,86.196453125
4145,85.9709375
4146,86.027928125
4147,86.22439375
4148,86.6270328125
4149,86.6777921875
4150,86.7244078125
4151,86.9503171875
4152,86.79042343750001
4153,86.102078125
4154,85.93466875
4155,85.8795625
4156,86.05652500000001
4157,86.194753125
4158,87.9443078125
4159,88.18959062500001
4160,88.29407031250001
4161,88.3266203125
4162,88.321615625
4163,88.483653125
4164,89.057953125
4165,88.91511406250001
4166,89.3964203125
4167,89.08016875
4168,88.86861093750001
4169,89.24743125
4170,88.977990625
4171,88.4958046875
4172,88.312278125
4173,87.99565468750001
4174,87.69960312500001
4175,87.678509375
4176,88.0651796875
4177,88.8414953125
4178,88.277771875
4179,87.8203015625
4180,87.1121515625
4181,86.87336718750001
4182,87.1037140625
4183,87.4281640625
4184,87.52954062500001
4185,87.6093921875
4186,87.2857453125
4187,87.12413437500001
4188,86.63231093750001
4189,86.31091718750001
4190,85.9907984375
4191,85.84369218750001
4192,85.83367968750001
4193,85.74660625
4194,85.6535265625
4195,85.605309375
4196,85.627065625
4197,85.49694843750001
4198,85.6026953125
4199,85.630853125
4200,85.6381875
4201,85.604740625
4202,85.551871875
4203,85.589653125
4204,85.617790625
4205,85.7548890625
4206,85.7207171875
4207,85.77148125000001
4208,85.6982875
4209,85.82088593750001
4210,85.85590156250001
4211,85.89873750000001
4212,86.0425546875
4213,85.9433796875
4214,85.87810625
4215,85.656703125
4216,85.5790796875
4217,85.627925
4218,85.6900171875
4219,85.6994953125
4220,85.85565625000001
4221,85.8996421875
4222,85.8330078125
4223,85.981340625
4224,86.0762484375
4225,86.11717031250001
4226,86.013959375
4227,86.183215625
4228,85.8972375
4229,85.75635
4230,85.33203125
4231,85.3226109375
4232,86.0555734375
4233,86.0519890625
4234,87.52767812500001
4235,87.2106515625
4236,87.433084375
4237,87.3746125
4238,87.150503125
4239,87.06210468750001
4240,87.1435859375
4241,87.2461796875
4242,87.4481078125
4243,87.5041390625
4244,87.424515625
4245,87.6337984375
4246,87.59153437500001
4247,87.4398125
4248,87.55630000000001
4249,87.7446984375
4250,87.726590625
4251,87.51863750000001
4252,87.42693750000001
4253,87.3158921875
4254,87.2776046875
4255,87.2699125
4256,87.0912203125
4257,86.91189375
4258,86.8931984375
4259,86.95634375
4260,87.05987656250001
4261,86.8601546875
4262,86.79398437500001
4263,87.2770234375
4264,87.6768140625
4265,87.52307656250001
4266,87.30589375000001
4267,87.2026265625
4268,87.16234531250001
4269,86.95811093750001
4270,87.513703125
4271,87.4218140625
4272,86.8056859375
4273,86.76544687500001
4274,86.717284375
4275,86.4931796875
4276,86.2209640625
4277,85.92178125000001
4278,86.561371875
4279,87.63432656250001
4280,87.51047187500001
4281,87.34241250000001
4282,86.97816093750001
4283,86.74723593750001
4284,86.7353265625
4285,86.78572343750001
4286,86.6816359375
4287,86.459215625
4288,86.0704234375
4289,85.9825125
4290,85.9350265625
4291,86.26716875000001
4292,86.643809375
4293,86.943709375
4294,86.64589218750001
4295,86.635928125
4296,86.63654062500001
4297,86.491353125
4298,86.1634109375
4299,85.9993359375
4300,86.07564218750001
4301,86.3661015625
4302,86.82439843750001
4303,87.2285078125
4304,87.275315625
4305,87.256140625
4306,87.15125
4307,87.073721875
4308,86.89556093750001
4309,86.5269171875
4310,86.3044484375
4311,86.379246875
4312,86.37301718750001
4313,86.380040625
4314,86.3808265625
4315,86.53423437500001
4316,86.54645000000001
4317,86.6272640625
4318,86.5800984375
4319,86.54995000000001
4320,86.35425156250001
4321,86.1598921875
4322,85.90436406250001
4323,85.8390078125
4324,86.159878125
4325,86.0701296875
4326,85.914196875
4327,85.9282765625
4328,86.1752890625
4329,86.365809375
4330,88.863971875
4331,88.88455937500001
4332,88.29804375
4333,87.9405234375
4334,87.2772953125
4335,87.081653125
4336,87.13428125
4337,87.4794078125
4338,87.054328125
4339,87.3813671875
4340,87.5566859375
4341,87.51193437500001
4342,87.45870781250001
4343,87.1896203125
4344,87.187021875
4345,87.2856296875
4346,87.6027015625
4347,87.3543296875
4348,87.21106875000001
4349,86.1928453125
4350,86.0336796875
4351,86.059896875
4352,86.067925
4353,86.52843750000001
4354,86.92013750000001
4355,87.356475
4356,87.58411875
4357,87.4021625
4358,87.135728125
4359,87.2649015625
4360,86.818228125
4361,87.3429859375
4362,87.17416875
4363,87.39976250000001
4364,87.8673484375
4365,88.01442031250001
4366,88.7117234375
4367,88.686965625
4368,88.27925156250001
4369,88.07208125000001
4370,87.4927140625
4371,87.2037859375
4372,87.1699875
4373,87.454846875
4374,87.39366562500001
4375,87.259634375
4376,87.48762500000001
4377,87.59626250000001
4378,87.62270000000001
4379,87.6693796875
4380,87.0983546875
4381,86.85987031250001
4382,86.79289375
4383,86.569709375
4384,86.397815625
4385,86.2890984375
4386,86.16060312500001
4387,86.1305078125
4388,86.30339843750001
4389,86.3456203125
4390,86.427225
4391,86.4461015625
4392,86.45515
4393,86.411125
4394,86.3768703125
4395,86.45566562500001
4396,86.4924125
4397,86.42185781250001
4398,86.4801671875
4399,86.4358375
4400,86.4355984375
4401,86.452071875
4402,86.08044375
4403,85.99200156250001
4404,85.9740703125
4405,85.83989687500001
4406,85.7219734375
4407,85.7312484375
4408,85.69931406250001
4409,85.93895156250001
4410,85.68990781250001
4411,85.6439921875
4412,85.452815625
4413,85.484784375
4414,85.552090625
4415,85.6022796875
4416,85.75838125
4417,85.8754359375
4418,85.6240390625
4419,85.65616875
4420,85.32085781250001
4421,85.43213125
4422,85.3951765625
4423,85.418778125
4424,85.51373125
4425,85.46171562500001
4426,85.4556671875
4427,85.4549875
4428,85.760875
4429,85.74420625
4430,85.434140625
4431,85.1894890625
4432,84.77622500000001
4433,84.74814375
4434,84.82354218750001
4435,84.89028125
4436,86.2340546875
4437,86.2830625
4438,86.033440625
4439,86.07094843750001
4440,85.96679375000001
4441,85.81492812500001
4442,85.7179375
4443,85.60133125
4444,85.62040312500001
4445,86.00803437500001
4446,87.688484375
4447,87.5427453125
4448,87.5270921875
4449,87.636796875
4450,87.464965625
4451,87.48901875
4452,87.601865625
4453,87.57319687500001
4454,87.394715625
4455,87.2728125
4456,87.2646140625
4457,87.4247
4458,87.8383015625
4459,87.9508859375
4460,87.98539375
4461,88.1008390625
4462,87.756715625
4463,87.5474796875
4464,87.3990796875
4465,87.496096875
4466,87.4267359375
4467,87.4362640625
4468,87.71063906250001
4469,87.8279984375
4470,87.7887109375
4471,87.8038609375
4472,87.6990078125
4473,87.74319375
4474,87.7871328125
4475,87.7844953125
4476,87.848203125
4477,87.803334375
4478,87.80404531250001
4479,87.8161421875
4480,87.78927812500001
4481,87.76546718750001
4482,87.75093281250001
4483,87.675815625
4484,87.5293953125
4485,87.40865781250001
4486,86.96178593750001
4487,86.8588015625
4488,86.6068125
4489,86.4851265625
4490,86.4634890625
4491,86.479009375
4492,86.31411875
4493,86.29742656250001
4494,86.26965
4495,86.21322500000001
4496,86.12324843750001
4497,85.91957500000001
4498,85.44652500000001
4499,81.42936250000001
4500,79.24285937500001
FrameCounts,blue_mean
4501,76.168721875
4502,77.01345156250001
4503,77.66081875
4504,89.0451421875
4505,89.526046875
4506,88.50063750000001
4507,88.399009375
4508,88.01779375000001
4509,87.854121875
4510,87.8076953125
4511,87.5160046875
4512,87.3043984375
4513,87.04081875
4514,86.52757343750001
4515,86.3522890625
4516,86.25737343750001
4517,85.97352500000001
4518,85.9348265625
4519,86.3007625
4520,86.45685937500001
4521,86.527721875
4522,86.524771875
4523,86.28676875000001
4524,85.855434375
4525,85.799953125
4526,85.94894218750001
4527,86.05711562500001
4528,87.50702343750001
4529,87.5467015625
4530,87.5127390625
4531,87.477934375
4532,87.15926093750001
4533,86.91703125000001
4534,86.89875156250001
4535,86.8480484375
4536,86.78851875000001
4537,86.78197187500001
4538,86.93303125
4539,87.0087328125
4540,87.09924843750001
4541,87.2455984375
4542,87.3719640625
4543,87.68675
4544,87.7646125
4545,87.76109375
4546,87.809978125
4547,87.72873125000001
4548,87.5087671875
4549,87.59188125
4550,87.544409375
4551,87.5008234375
4552,87.4213796875
4553,87.310415625
4554,87.240128125
4555,87.3086421875
4556,87.459271875
4557,87.42587031250001
4558,87.6512125
4559,87.627825
4560,87.69285625
4561,87.7433140625
4562,87.68861875
4563,87.40789218750001
4564,87.152709375
4565,86.840265625
4566,86.7728609375
4567,86.7735421875
4568,86.837246875
4569,87.0549640625
4570,87.12915000000001
4571,87.2357390625
4572,87.2876640625
4573,87.2448984375
4574,87.29018437500001
4575,87.36775625
4576,87.38486250000001
4577,87.29023281250001
4578,87.4709265625
4579,87.52655468750001
4580,87.63152500000001
4581,87.54571875
4582,87.5801921875
4583,87.4706640625
4584,87.5326921875
4585,87.5513359375
4586,87.573109375
4587,87.54590625
4588,87.34758125
4589,87.2876515625
4590,87.30523906250001
4591,87.30225312500001
4592,87.330578125
4593,87.2022921875
4594,86.947034375
4595,86.76155625
4596,86.6730546875
4597,86.6255484375
4598,86.63691250000001
4599,86.6284453125
4600,86.7781046875
4601,86.673990625
4602,86.6437359375
4603,86.5212203125
4604,86.493459375
4605,86.45765
4606,86.4074671875
4607,86.5095625
4608,86.70447187500001
4609,86.7960546875
4610,86.89191562500001
4611,86.7878828125
4612,86.79903125
4613,86.420890625
4614,86.36678437500001
4615,86.4039546875
4616,86.7075390625
4617,86.89936875000001
4618,86.79836250000001
4619,86.705709375
4620,86.672253125
4621,86.63093125
4622,86.7868859375
4623,86.878228125
4624,86.9491140625
4625,86.91290156250001
4626,86.9351203125
4627,86.902359375
4628,86.67238437500001
4629,86.729996875
4630,86.5538296875
4631,86.549509375
4632,86.35410937500001
4633,86.77212031250001
4634,86.9855578125
4635,87.0755546875
4636,86.943028125
4637,87.0560953125
4638,79.041590625
4639,78.3997046875
4640,78.38276093750001
4641,78.19033125
4642,82.038075
4643,82.6145765625
4644,82.734165625
4645,82.730415625
4646,84.061603125
4647,85.2605375
4648,86.79178125
4649,86.30250625000001
4650,86.15999375
4651,85.929471875
4652,85.89341250000001
4653,86.15622031250001
4654,86.1333953125
4655,86.295240625
4656,86.0408203125
4657,86.0257359375
4658,86.1716578125
4659,86.0802265625
4660,87.46432812500001
4661,87.244640625
4662,87.35054062500001
4663,87.2833703125
4664,87.358703125
4665,87.2519421875
4666,87.4622890625
4667,87.355559375
4668,87.4466109375
4669,87.293178125
4670,87.1259984375
4671,87.227021875
4672,87.107471875
4673,87.3806828125
4674,87.32085156250001
4675,87.2322421875
4676,88.7439734375
4677,88.92675468750001
4678,88.96288125000001
4679,88.875909375
4680,88.8937453125
4681,89.25344375
4682,89.202790625
4683,89.0127546875
4684,88.840240625
4685,88.69321562500001
4686,88.867328125
4687,88.90079531250001
4688,88.73419375
4689,88.7248375
4690,88.59449218750001
4691,88.4936171875
4692,88.43787656250001
4693,88.601528125
4694,88.60011250000001
4695,88.834603125
4696,88.89726875000001
4697,88.8302921875
4698,88.61455781250001
4699,88.51516562500001
4700,88.412175
4701,88.09283437500001
4702,88.1321015625
4703,88.41736875000001
4704,88.5645390625
4705,88.735121875
4706,88.800346875
4707,88.500515625
4708,88.4256140625
4709,88.503596875
4710,88.3814359375
4711,88.3179890625
4712,88.58030625
4713,88.3924875
4714,88.43862187500001
4715,88.43271250000001
4716,88.461565625
4717,88.6050125
4718,88.3238265625
4719,88.07210156250001
4720,87.8566546875
4721,87.734215625
4722,87.67441875
4723,87.7473296875
4724,88.4190078125
4725,88.5985078125
4726,88.420703125
4727,88.3501171875
4728,88.34267343750001
4729,88.2775765625
4730,88.2871453125
4731,88.34170625
4732,88.405203125
4733,88.4229703125
4734,88.3845046875
4735,88.42775
4736,88.44550000000001
4737,88.324990625
4738,88.66171875
4739,88.934234375
4740,88.930721875
4741,88.93114687500001
4742,85.7496703125
4743,85.47056875
4744,85.48453125
4745,85.3966734375
4746,89.66806875
4747,89.8387078125
4748,91.43981875
4749,91.3289921875
4750,90.6861515625
4751,90.498715625
4752,90.227996875
4753,90.3809734375
4754,90.486090625
4755,90.5294734375
4756,90.6056875
4757,90.711471875
4758,90.7897796875
4759,90.82319062500001
4760,90.840325
4761,91.00549843750001
4762,91.2957875
4763,90.9534359375
4764,90.56849843750001
4765,90.42197031250001
4766,90.26510937500001
4767,90.1989375
4768,90.45182187500001
4769,90.569259375
4770,90.542434375
4771,90.58159375000001
4772,90.58811406250001
4773,90.70052343750001
4774,90.72465625000001
4775,91.21697812500001
4776,91.084196875
4777,91.02437031250001
4778,91.0443453125
4779,91.10845312500001
4780,91.1385390625
4781,91.072878125
4782,90.8436875
4783,90.71575
4784,90.4918421875
4785,90.37551093750001
4786,90.34556718750001
4787,90.2827078125
4788,90.4286359375
4789,90.5081859375
4790,90.72044843750001
4791,90.7166015625
4792,90.6900171875
4793,90.53901093750001
4794,90.4521484375
4795,90.62777968750001
4796,90.0915109375
4797,89.866471875
4798,90.00081875000001
4799,89.9239421875
4800,90.161534375
4801,90.2034203125
4802,90.08398906250001
4803,90.210371875
4804,90.35792500000001
4805,90.464340625
4806,90.5469109375
4807,93.811125
4808,95.01917656250001
4809,94.43535625
4810,88.7022765625
4811,88.5897875
4812,87.59745781250001
4813,87.0515359375
4814,86.7956875
4815,86.49578906250001
4816,85.72619531250001
4817,85.48498281250001
4818,87.062503125
4819,87.20556093750001
4820,88.03178906250001
4821,87.943928125
4822,86.58296250000001
4823,86.5268171875
4824,85.94231875
4825,85.774521875
4826,85.50627812500001
4827,85.440784375
4828,85.66196562500001
4829,85.63066718750001
4830,85.285003125
4831,85.26440000000001
4832,85.2484125
4833,85.28440625
4834,87.70299375
4835,87.48723906250001
4836,88.2228734375
4837,88.9365046875
4838,88.613240625
4839,88.40363437500001
4840,88.3477328125
4841,88.52839375
4842,88.25185156250001
4843,87.7580078125
4844,87.5034578125
4845,87.491684375
4846,86.6134234375
4847,86.50257500000001
4848,86.45678906250001
4849,86.29806718750001
4850,86.83685
4851,86.8714625
4852,86.956659375
4853,86.769646875
4854,88.69337812500001
4855,88.758721875
4856,88.24500625
4857,88.046765625
4858,87.7414859375
